name,name,team,position,ρ_β,ω_α,ω_β,ψ_α,ψ_β,start_prob,sub_prob,unused_prob,score_prob,assist_prob,sampled_points,minutes_played
Rasmus HÃÂÃÂ¸jlund,Rasmus HÃÂÃÂ¸jlund,14,FWD,[0.25 0.25 0.5 ],0.0,5.0,0.0,5.0,0.24758125557507454,0.25203164174745074,0.5003871026774734,0.000107239339326453,0.00023674755953759306,1,9
Arnaut Danjuma Groeneveld,Arnaut Danjuma Groeneveld,9,MID,[ 5.25  9.25 24.5 ],0.0,19.0,1.0,18.0,0.13481682260738304,0.2359440247954863,0.6292391525971296,3.984888923012053e-05,0.052261590597749694,1,9
Dominic Calvert-Lewin,Dominic Calvert-Lewin,9,FWD,[128.25  53.25  76.5 ],47.0,139.0,23.0,163.0,0.4973823143649238,0.20632604553679784,0.2962916400982792,0.252387488932432,0.12396461853037351,15,8
Neal Maupay,Neal Maupay,9,FWD,[88.25 41.25 23.5 ],27.0,107.0,8.0,126.0,0.5768850712397949,0.26979670947631923,0.15331821928388562,0.20146345683399972,0.05966713108898557,1,8
Luke Shaw,Luke Shaw,14,DEF,[132.25  26.25 108.5 ],3.0,160.0,20.0,143.0,0.49500574181562224,0.09853942528194908,0.4064548329024263,0.01850583334925853,0.12315102364198531,1,8
Christian Eriksen,Christian Eriksen,14,MID,[137.25  30.25  38.5 ],31.0,141.0,57.0,115.0,0.6666086910089395,0.1464078510872957,0.1869834579037644,0.18004169004077022,0.3316405265111807,9,8
Eric Bailly,Eric Bailly,14,DEF,[ 55.25  15.25 196.5 ],1.0,74.0,0.0,75.0,0.20742339567304002,0.05701856249497268,0.7355580418319877,0.013670951162711983,4.586320857046656e-06,1,8
Ben Godfrey,Ben Godfrey,9,DEF,[91.25  6.25 51.5 ],0.0,102.0,3.0,99.0,0.6118018683959571,0.04211277816614526,0.3460853534378952,8.167963444446977e-06,0.028973319067593133,1,8
Donny van de Beek,Donny van de Beek,14,MID,[10.25 31.25 75.5 ],3.0,43.0,2.0,44.0,0.08786912231677865,0.26705440603428887,0.6450764716489311,0.06551042539435332,0.04356056416851028,1,8
Kobbie Mainoo,Kobbie Mainoo,14,MID,[ 0.25  1.25 29.5 ],0.0,6.0,0.0,6.0,0.007983656289989332,0.040416779083806816,0.9515995646262004,5.810538679108846e-05,7.169020818423931e-05,1,8
Tyler Onyango,Tyler Onyango,9,MID,[ 0.25  3.25 45.5 ],0.0,8.0,0.0,8.0,0.0052871629296159725,0.06580015161320729,0.9289126854571749,9.380435923680419e-05,0.00010769075011658969,1,7
Jean-Philippe Gbamin,Jean-Philippe Gbamin,9,MID,[  1.25   5.25 146.5 ],0.0,11.0,0.0,11.0,0.008091131802047007,0.03445691717802244,0.9574519510199341,9.835110648263484e-05,2.693622352970626e-05,1,7
Mason Mount,Mason Mount,14,MID,[98.25 31.25 23.5 ],27.0,107.0,28.0,106.0,0.6426856565959314,0.20423339618785447,0.15308094721621116,0.20121877329259122,0.20896389691144696,1,3
Teden Mengi,Teden Mengi,14,DEF,[ 0.25  0.25 38.5 ],0.0,5.0,0.0,5.0,0.006221362184252097,0.00669002174350247,0.9870886160722409,6.414613625332315e-05,0.0001705104975382672,1,3
Facundo Pellistri Rebollo,Facundo Pellistri Rebollo,14,MID,[ 0.25  4.25 34.5 ],0.0,9.0,0.0,9.0,0.0066272885938036255,0.10874495356014188,0.8846277578460533,5.397610564292845e-05,0.00010930153653100958,1,3
Lewis Dobbin,Lewis Dobbin,9,MID,[ 0.25  3.25 30.5 ],0.0,8.0,0.0,8.0,0.007595590501740698,0.09491562866406397,0.8974887808341955,0.0001548433604012303,0.0001357761484867892,1,3
Thomas Cannon,Thomas Cannon,9,FWD,[ 0.25  2.25 22.5 ],0.0,7.0,0.0,7.0,0.009475798182834352,0.08933469860504438,0.9011895032121183,9.810279953319558e-05,0.00016126793411472973,1,3
James Tarkowski,James Tarkowski,9,DEF,[201.25  31.25  34.5 ],8.0,229.0,9.0,228.0,0.7542778606779784,0.11703470947764075,0.12868742984438006,0.03382096974247764,0.038082607798124175,1,3
Youssef Ramalho Chermiti,Youssef Ramalho Chermiti,9,FWD,[0.25 0.25 0.5 ],0.0,5.0,0.0,5.0,0.2473151839059472,0.2557436520916658,0.49694116400238525,0.00011473230713571801,0.00023025509786678833,1,3
Amad Diallo,Amad Diallo,14,MID,[ 2.25  1.25 79.5 ],0.0,8.0,1.0,7.0,0.027280956508156373,0.015026274143576455,0.9576927693482701,0.00013941111274794635,0.12821971645227861,1,3
Jarrad Branthwaite,Jarrad Branthwaite,9,DEF,[  7.25   3.25 113.5 ],1.0,14.0,0.0,15.0,0.058895364183077684,0.025945729345800073,0.9151589064711203,0.06771770466497429,6.161535343496342e-05,1,2
Shola Shoretire,Shola Shoretire,14,FWD,[ 0.25  3.25 42.5 ],0.0,8.0,0.0,8.0,0.005418641289989299,0.07045509500460909,0.924126263705402,0.00028562723950092804,3.8043941255813005e-05,1,2
Anthony Martial,Anthony Martial,14,FWD,[112.25  53.25 101.5 ],51.0,119.0,35.0,135.0,0.42062400492544993,0.19955942237385915,0.3798165727006889,0.29969128262498135,0.2060975139137695,2,81
Ellis Simms,Ellis Simms,9,FWD,[ 3.25  9.25 77.5 ],1.0,16.0,0.0,17.0,0.03591280794263895,0.10254649231756673,0.8615406997397925,0.058023440248252164,2.5052007471427946e-05,2,81
Idrissa Gueye,Idrissa Gueye,9,MID,[117.25  15.25  53.5 ],3.0,134.0,7.0,130.0,0.6295530228066935,0.0822650176806804,0.2881819595126283,0.021653389437044278,0.051163795385055166,2,82
Alex Iwobi,Alex Iwobi,9,MID,[140.25  68.25  58.5 ],15.0,198.0,31.0,182.0,0.5248021946729251,0.2553698388076571,0.2198279665194158,0.0702398085572684,0.14543727299408338,2,82
Antony Matheus dos Santos,Antony Matheus dos Santos,14,MID,[17.25  8.25  8.5 ],4.0,26.0,2.0,28.0,0.5073719940811775,0.24210534110119653,0.2505226648176273,0.13282885727938223,0.0655700642205394,2,82
Marcus Rashford,Marcus Rashford,14,MID,[156.25  72.25  38.5 ],71.0,162.0,43.0,190.0,0.5852279845441172,0.2709397725361212,0.14383224291976102,0.3049650270333684,0.1843326225734206,2,82
Hannibal Mejbri,Hannibal Mejbri,14,MID,[ 1.25  2.25 13.5 ],0.0,8.0,0.0,8.0,0.07390224079449033,0.13400493309653014,0.7920928261089807,0.00018747638026407173,9.561431007334689e-05,2,82
Demarai Gray,Demarai Gray,9,MID,[91.25 97.25 78.5 ],19.0,174.0,18.0,175.0,0.3421016252393788,0.3638927915879077,0.2940055831727156,0.09858074573758996,0.09337856469043351,2,82
Frederico Rodrigues de Paula Santos,Frederico Rodrigues de Paula Santos,14,MID,[92.25 47.25 51.5 ],8.0,136.0,10.0,134.0,0.4829405953753707,0.24774019409535686,0.2693192105292719,0.05578095897280599,0.06884873443454059,2,82
Scott McTominay,Scott McTominay,14,MID,[88.25 56.25 89.5 ],11.0,138.0,6.0,143.0,0.37683356864330503,0.23991725454122298,0.3832491768154733,0.07339412234326918,0.040276838403359355,2,82
Abdoulaye DoucourÃÂÃÂ©,Abdoulaye DoucourÃÂÃÂ©,9,MID,[108.25  13.25  31.5 ],13.0,113.0,14.0,112.0,0.7075186489631219,0.08654998463734045,0.2059313663995399,0.1036419348189351,0.11138031099118152,2,83
Amadou Onana,Amadou Onana,9,MID,[18.25 15.25  4.5 ],1.0,37.0,3.0,35.0,0.48064217632850625,0.40094762539512274,0.11841019827637181,0.026450939608059606,0.07894797380050858,2,83
Victor LindelÃÂÃÂ¶f,Victor LindelÃÂÃÂ¶f,14,DEF,[101.25  11.25  40.5 ],2.0,115.0,3.0,114.0,0.661927153093327,0.07324952034671825,0.2648233265599536,0.016871393194051322,0.025311252671863137,2,87
Brandon Williams,Brandon Williams,14,DEF,[36.25 11.25 99.5 ],1.0,51.0,2.0,50.0,0.24744380543629357,0.07641705678751115,0.676139137776196,0.01963196793008781,0.03857580901823978,2,87
Aaron Wan-Bissaka,Aaron Wan-Bissaka,14,DEF,[146.25   4.25  84.5 ],2.0,153.0,12.0,143.0,0.6219198538537976,0.018032499190084077,0.36004764695611596,0.01305299082472792,0.07721059336413806,2,87
Vitalii Mykolenko,Vitalii Mykolenko,9,DEF,[28.25 19.25 12.5 ],1.0,51.0,2.0,50.0,0.4700540675221189,0.3211792069248191,0.20876672555306122,0.01925304891611345,0.03882107103366946,2,87
Ashley Young,Ashley Young,9,DEF,[106.25  31.25  91.5 ],5.0,137.0,12.0,130.0,0.46376683082627324,0.1361883418206937,0.40004482735303365,0.0347577044404977,0.08397537268400707,2,87
Seamus Coleman,Seamus Coleman,9,DEF,[148.25  24.25  94.5 ],8.0,169.0,12.0,165.0,0.5559196318656656,0.09083155669636661,0.35324881143796816,0.0454695350622378,0.06772152183839779,2,87
Michael Keane,Michael Keane,9,DEF,[198.25  10.25  58.5 ],12.0,201.0,9.0,204.0,0.7429857824932664,0.03825128224280133,0.21876293526393242,0.056003140305300875,0.04245776360347885,2,87
Tyrell Malacia,Tyrell Malacia,14,DEF,[ 9.25 13.25 16.5 ],0.0,27.0,0.0,27.0,0.2367155073222766,0.3395396725038019,0.4237448201739221,1.4871855620855024e-05,3.482232235908621e-05,2,87
Jordan Pickford,Jordan Pickford,9,GK,[232.25  14.25  20.5 ],0.0,251.0,1.0,250.0,0.8704655719167422,0.052994163676194445,0.07654026440706434,2.2295442637843594e-06,0.003968435386090627,2,88
Tom Heaton,Tom Heaton,14,GK,[ 77.25   1.25 188.5 ],0.0,83.0,0.0,83.0,0.28941073373065385,0.004725958728611997,0.7058633075407338,6.431460745065209e-06,1.8365411159643642e-05,2,88
Harrison Reed,Harrison Reed,10,MID,[46.25 25.25 43.5 ],3.0,73.0,7.0,69.0,0.40219124117348276,0.22010990589623716,0.37769885293028027,0.0396139599942292,0.09232675634556656,1,9
Dion Pereira,Dion Pereira,12,MID,[0.25 2.25 7.5 ],0.0,7.0,0.0,7.0,0.02469752646710719,0.2237473078464182,0.7515551656864726,0.00011286290519852848,0.0002437617981560138,1,9
Thomas Kaminski,Thomas Kaminski,12,GK,[0.25 0.25 0.5 ],0.0,5.0,0.0,5.0,0.2554603910466228,0.25475419143527933,0.48978541751809723,0.00015794214916178763,0.00025864880880525155,1,8
Aleksandar MitroviÃÂÃÂ,Aleksandar MitroviÃÂÃÂ,10,FWD,[24.25 27.25 25.5 ],17.0,39.0,5.0,51.0,0.31547913515623915,0.35318012754625083,0.33134073729751035,0.30309325166029655,0.08904057728149045,15,8
Luc De Fougerolles,Luc De Fougerolles,10,DEF,[0.25 0.25 0.5 ],0.0,5.0,0.0,5.0,0.24529441973295166,0.25050578706108784,0.5041997932059596,0.00010077020998015955,0.00030894798167495943,1,8
Tyrese Francois,Tyrese Francois,10,MID,[ 0.25  2.25 37.5 ],0.0,7.0,0.0,7.0,0.006180863495264081,0.05670455985158502,0.9371145766531503,0.0002520531078986602,0.00011677593167915805,1,8
Marek RodÃÂÃÂ¡k,Marek RodÃÂÃÂ¡k,10,GK,[ 2.25  2.25 72.5 ],0.0,9.0,0.0,9.0,0.029407328799539584,0.029022626348794132,0.9415700448516633,0.00015179133471790113,0.00026696819285854285,1,8
Terence Kongolo,Terence Kongolo,10,DEF,[43.25  3.25 79.5 ],1.0,50.0,1.0,50.0,0.34369114042744064,0.025783409530801396,0.6305254500417566,0.01993965441829707,0.019556255857012192,1,8
Elijah Adebayo,Elijah Adebayo,12,FWD,[0.25 0.25 0.5 ],0.0,5.0,0.0,5.0,0.24456362995805325,0.24945983212644543,0.5059765379155009,0.0001937471570964549,0.00018958844691719826,1,8
Gabriel Osho,Gabriel Osho,12,DEF,[0.25 0.25 0.5 ],0.0,5.0,0.0,5.0,0.25165412993453845,0.2511605874130781,0.49718528265238693,0.0002980819748175805,0.0002287600813390846,1,8
Jordan Clark,Jordan Clark,12,MID,[0.25 0.25 0.5 ],0.0,5.0,0.0,5.0,0.2494372246403098,0.250971624993548,0.49959115036614077,0.00011697444634705081,0.0002922108685799095,1,7
Chiedozie Ogbene,Chiedozie Ogbene,12,FWD,[0.25 0.25 0.5 ],0.0,5.0,0.0,5.0,0.254768631000082,0.2502806553871853,0.49495071361273374,8.579698482108547e-05,0.00014655471431073526,1,7
Joe Taylor,Joe Taylor,12,FWD,[0.25 0.25 0.5 ],0.0,5.0,0.0,5.0,0.2558978973872554,0.2561953701966073,0.487906732416137,9.715404014757031e-05,0.00017173343254038782,1,7
Carlos Mendes Gomes,Carlos Mendes Gomes,12,MID,[0.25 0.25 0.5 ],0.0,5.0,0.0,5.0,0.24681253094200828,0.24996342211745728,0.5032240469405327,0.0002938055183046468,0.0003477763237489171,1,3
Marvelous Nakamba,Marvelous Nakamba,12,MID,[40.25 18.25 94.5 ],0.0,63.0,1.0,62.0,0.2650842480162161,0.11904122476868785,0.6158745272150961,1.5244464133929725e-05,0.016057357430463545,1,3
Ivan Neves Abreu Cavaleiro,Ivan Neves Abreu Cavaleiro,10,MID,[ 0.25  0.25 38.5 ],0.0,5.0,0.0,5.0,0.006558439129240311,0.006401767378383951,0.9870397934923764,0.00014127566308676793,0.0002310526008609788,1,3
Rodrigo Muniz Carvalho,Rodrigo Muniz Carvalho,10,FWD,[ 0.25  0.25 38.5 ],0.0,5.0,0.0,5.0,0.0063867408774509245,0.0061998439325072815,0.9874134151900403,0.0002738318290900226,0.000207408076795888,1,3
Jay Stansfield,Jay Stansfield,10,FWD,[ 0.25  3.25 35.5 ],0.0,8.0,1.0,7.0,0.006513326015924321,0.08285147453984676,0.9106351994442297,0.0003023405115559566,0.12540677242203338,1,3
John McAtee,John McAtee,12,FWD,[0.25 0.25 0.5 ],0.0,5.0,0.0,5.0,0.24670639951680046,0.2513575602889178,0.5019360401942832,0.0002787227474862996,0.0001519560588432753,1,3
Tim Ream,Tim Ream,10,DEF,[48.25 18.25 48.5 ],1.0,70.0,0.0,71.0,0.42013807547221077,0.1584950000940523,0.4213669244337375,0.014045234321124372,1.3907515404863371e-05,1,3
Admiral Muskwe,Admiral Muskwe,12,FWD,[0.25 0.25 0.5 ],0.0,5.0,0.0,5.0,0.25218416901867263,0.2466308217218383,0.5011850092594892,0.00011182272095960208,0.00014580144995108793,1,2
Antonee Robinson,Antonee Robinson,10,DEF,[46.25 17.25 13.5 ],0.0,68.0,2.0,66.0,0.5996812727535255,0.2253898571913367,0.1749288700551369,2.350748680813323e-05,0.029703994735099132,1,2
Carlos VinÃÂÃÂ­cius Alves Morais,Carlos VinÃÂÃÂ­cius Alves Morais,10,FWD,[ 9.25 19.25  5.5 ],5.0,28.0,2.0,31.0,0.27305985328738236,0.5658124032068934,0.1611277435057211,0.15155241132043776,0.060390011542689,2,81
Jacob Brown,Jacob Brown,12,FWD,[0.25 0.25 0.5 ],0.0,5.0,0.0,5.0,0.25337108223970506,0.24784953016185782,0.4987793875984361,0.0001773395892631664,9.108244213440498e-05,2,81
Louie Watson,Louie Watson,12,MID,[0.25 0.25 0.5 ],0.0,5.0,0.0,5.0,0.2541114578410897,0.24539909396641266,0.5004894481924994,0.00023285136242717522,0.0002124635717819489,2,82
JoÃÂÃÂ£o Palhinha GonÃÂÃÂ§alves,JoÃÂÃÂ£o Palhinha GonÃÂÃÂ§alves,10,MID,[22.25 13.25  3.5 ],3.0,37.0,0.0,40.0,0.570055830009456,0.3399660045211602,0.08997816546938477,0.07535941365362682,1.4592070198968585e-05,2,82
Andreas Hoelgebaum Pereira,Andreas Hoelgebaum Pereira,10,MID,[19.25 14.25  5.5 ],4.0,34.0,10.0,28.0,0.49172854477449573,0.36724627828255024,0.14102517694295325,0.10499943813306536,0.26384199223231747,2,82
Willian Borges da Silva,Willian Borges da Silva,10,MID,[20.25  7.25  6.5 ],5.0,27.0,7.0,25.0,0.5974896321731367,0.2114708311210668,0.19103953670579676,0.1555431147080145,0.21830714848728644,2,82
Tom Cairney,Tom Cairney,10,MID,[39.25 35.25 40.5 ],4.0,75.0,3.0,76.0,0.34155127602612717,0.30653121751040474,0.3519175064634693,0.050227377756324854,0.038394044309739965,2,82
Harry Wilson,Harry Wilson,10,MID,[28.25 32.25 65.5 ],9.0,56.0,6.0,59.0,0.22417422345446025,0.25533167923240774,0.520494097313132,0.13890872444502453,0.09259422207754935,2,82
Fred Onyedinma,Fred Onyedinma,12,MID,[0.25 0.25 0.5 ],0.0,5.0,0.0,5.0,0.2565243909171966,0.23708568508382874,0.506389923998974,0.0003344010822258353,0.00022145818285764754,2,82
Allan Campbell,Allan Campbell,12,MID,[0.25 0.25 0.5 ],0.0,5.0,0.0,5.0,0.2526756821579418,0.25172623526923443,0.4955980825728221,0.00026939746116206567,0.00023680708561476477,2,82
Elliot Thorpe,Elliot Thorpe,12,MID,[0.25 0.25 0.5 ],0.0,5.0,0.0,5.0,0.2562614616368217,0.24206603042368055,0.5016725079394975,0.00013163754355927283,0.0001814272839367398,2,83
Luke Berry,Luke Berry,12,MID,[0.25 0.25 0.5 ],0.0,5.0,0.0,5.0,0.260649051721603,0.24879809901454414,0.49055284926385,0.000542585274350278,0.0003027591004244823,2,83
Ross Barkley,Ross Barkley,12,MID,[ 77.25  41.25 149.5 ],13.0,110.0,23.0,100.0,0.288146483459884,0.15416632478298353,0.5576871917571329,0.1057864328771168,0.1869877601007549,26,83
Tom Lockyer,Tom Lockyer,12,DEF,[0.25 0.25 0.5 ],0.0,5.0,0.0,5.0,0.25227463991007826,0.2534372327076292,0.49428812738229155,0.00013802094480755731,0.00012196287310410819,2,87
Mads Juel Andersen,Mads Juel Andersen,12,DEF,[0.25 0.25 0.5 ],0.0,5.0,0.0,5.0,0.25446842221551835,0.24669537301025915,0.4988362047742241,0.00020759892347938405,0.00020549385965618451,2,87
Tosin Adarabioyo,Tosin Adarabioyo,10,DEF,[46.25 12.25 14.5 ],1.0,62.0,1.0,62.0,0.6337303224779022,0.16738558476404888,0.19888409275805047,0.016135870832796422,0.01590114469595739,2,87
Kenny Tete,Kenny Tete,10,DEF,[37.25 16.25 23.5 ],1.0,57.0,6.0,52.0,0.4832343311291437,0.21133917676961042,0.30542649210124684,0.017119565204365715,0.10371772230943793,2,87
Calvin Bassey,Calvin Bassey,10,DEF,[0.25 0.25 0.5 ],0.0,5.0,0.0,5.0,0.24683933169351138,0.2589467354760401,0.4942139328304465,0.0002208546905569929,0.00017515482303507318,2,87
Amari'i Bell,Amari'i Bell,12,DEF,[0.25 0.25 0.5 ],0.0,5.0,0.0,5.0,0.2496134948227319,0.25653226769463777,0.4938542374826292,0.00017759660405418146,0.00032931063783078036,2,87
Issa Diop,Issa Diop,10,DEF,[106.25  15.25  69.5 ],7.0,119.0,2.0,124.0,0.5560840071700688,0.07937821011905477,0.36453778271087606,0.05611825506368076,0.015734565884434972,2,87
James Shea,James Shea,12,GK,[0.25 0.25 0.5 ],0.0,5.0,0.0,5.0,0.2530062981935027,0.25400370725596216,0.49298999455053455,0.00011185119756214774,9.522544571563501e-05,2,88
Bernd Leno,Bernd Leno,10,GK,[123.25  14.25  54.5 ],0.0,142.0,0.0,142.0,0.6413663240519627,0.07428979134060842,0.2843438846074293,1.5995379786161692e-05,5.448266884458036e-06,2,88
Benjamin White,Benjamin White,1,DEF,[23.25 15.25  0.5 ],2.0,41.0,5.0,38.0,0.5945180878351871,0.39317555811835025,0.012306354046462046,0.04611223413616537,0.11682622495072226,1,9
Thomas Partey,Thomas Partey,1,MID,[57.25 24.25 29.5 ],5.0,81.0,4.0,82.0,0.5153774783751983,0.218798814561517,0.2658237070632856,0.058544809018715366,0.046482310721207586,1,9
Albert Sambi Lokonga,Albert Sambi Lokonga,1,MID,[18.25 16.25 41.5 ],0.0,39.0,0.0,39.0,0.23933565183424024,0.21470003256684395,0.5459643155989141,1.1260259241229668e-05,4.320168405103461e-05,1,9
Rayan AÃÂÃÂ¯t-Nouri,Rayan AÃÂÃÂ¯t-Nouri,20,DEF,[ 2.25 19.25 17.5 ],1.0,25.0,0.0,26.0,0.057774180862030254,0.49399486985032665,0.4482309492876423,0.03793682940362671,4.2747872866260623e-05,1,9
William Saliba,William Saliba,1,DEF,[14.25 13.25 87.5 ],2.0,30.0,1.0,31.0,0.12441071953813179,0.11455737089650922,0.7610319095653609,0.0618815970450353,0.030836466509972474,4,8
Mario Lemina,Mario Lemina,20,MID,[71.25 22.25 79.5 ],3.0,95.0,5.0,93.0,0.4119961097744097,0.128504652035123,0.4594992381904665,0.03064399990128444,0.050794034577910055,1,8
FÃÂÃÂ¡bio Silva,FÃÂÃÂ¡bio Silva,20,FWD,[0.25 0.25 0.5 ],0.0,5.0,0.0,5.0,0.2418691092346784,0.25324196558809314,0.5048889251772284,0.0002745702520345514,0.00020402916012656478,1,8
Boubacar TraorÃÂÃÂ©,Boubacar TraorÃÂÃÂ©,20,MID,[ 1.25  9.25 22.5 ],0.0,15.0,1.0,14.0,0.0383478146895651,0.2796816644989736,0.6819705208114624,8.982922740292972e-05,0.06570561078013673,1,8
Pedro Lomba Neto,Pedro Lomba Neto,20,MID,[46.25 45.25 61.5 ],9.0,87.0,14.0,82.0,0.30240895815816854,0.2955379271534993,0.40205311468833427,0.09287572198625578,0.1457728826998891,1,8
Reiss Nelson,Reiss Nelson,1,MID,[  8.25  26.25 195.5 ],4.0,35.0,4.0,35.0,0.035817383797587664,0.114463381153576,0.8497192350488345,0.10345654411343465,0.10250262330137595,70,7
Gabriel Martinelli Silva,Gabriel Martinelli Silva,1,MID,[21.25 15.25  2.5 ],15.0,26.0,9.0,32.0,0.5452924621184487,0.3908200716881401,0.06388746619340896,0.36526815137093993,0.22014743470079035,1,7
GonÃÂÃÂ§alo Manuel Ganchinho Guedes,GonÃÂÃÂ§alo Manuel Ganchinho Guedes,20,MID,[ 1.25 12.25 24.5 ],1.0,17.0,1.0,17.0,0.03273542953513154,0.3240777213155902,0.643186849149276,0.05575178215499636,0.05654639598307702,1,7
Joe Hodge,Joe Hodge,20,MID,[0.25 0.25 0.5 ],0.0,5.0,0.0,5.0,0.2484521920011593,0.2516391504113672,0.4999086575874746,0.00017815371076478057,0.0002461354780270319,1,7
Marcus Oliveira Alencar,Marcus Oliveira Alencar,1,MID,[ 0.25  1.25 37.5 ],0.0,6.0,0.0,6.0,0.006598988785854861,0.03188112519077754,0.9615198860233655,0.00016047455251874405,0.00020825910836384424,1,3
Matt Doherty,Matt Doherty,20,DEF,[91.25 27.25 72.5 ],11.0,112.0,22.0,101.0,0.4784184573829084,0.14196056635248752,0.3796209762646032,0.0898413265068771,0.17930243948184968,1,3
Toti AntÃÂÃÂ³nio Gomes,Toti AntÃÂÃÂ³nio Gomes,20,DEF,[12.25  9.25 36.5 ],1.0,25.0,0.0,26.0,0.21038959357745565,0.15951967536070938,0.630090731061835,0.038406506400326376,2.2398459507325942e-05,1,3
Granit Xhaka,Granit Xhaka,1,MID,[201.25  24.25  42.5 ],17.0,213.0,28.0,202.0,0.7513261840402116,0.09015037453251469,0.15852344142727304,0.07399462604389717,0.12178371805046172,1,3
Leandro Trossard,Leandro Trossard,1,MID,[96.25 40.25 16.5 ],26.0,115.0,28.0,113.0,0.6303311212458614,0.26223131727522503,0.1074375614789141,0.18422726679428886,0.1992961802050885,1,3
Emile Smith Rowe,Emile Smith Rowe,1,MID,[39.25 28.25 70.5 ],12.0,60.0,9.0,63.0,0.28447383082571315,0.20503332653026923,0.5104928426440182,0.16538219640620125,0.12545794897972368,1,3
BendegÃÂÃÂºz Bolla,BendegÃÂÃÂºz Bolla,20,DEF,[0.25 0.25 0.5 ],0.0,5.0,0.0,5.0,0.24510461224453442,0.24663633444753483,0.5082590533079318,5.552380709153443e-05,0.00027851981262366624,1,3
Max Kilman,Max Kilman,20,DEF,[69.25 20.25 83.5 ],1.0,93.0,3.0,91.0,0.40036753480371207,0.11702682449079946,0.48260564070548745,0.010584395146398879,0.03139601889649678,1,2
Oleksandr Zinchenko,Oleksandr Zinchenko,1,DEF,[ 78.25  25.25 158.5 ],1.0,107.0,9.0,99.0,0.2982996098459376,0.09665109711489024,0.6050492930391753,0.00932155107664504,0.08337380029791198,1,2
Folarin Balogun,Folarin Balogun,1,FWD,[ 1.25  1.25 36.5 ],0.0,7.0,0.0,7.0,0.031011371346061623,0.03259510332635286,0.9363935253275846,0.00017159769841787863,0.0001047958384456857,2,81
Eddie Nketiah,Eddie Nketiah,1,FWD,[ 9.25 21.25  8.5 ],4.0,31.0,2.0,33.0,0.23771822363637543,0.545480632086508,0.2168011442771157,0.11481762040355761,0.05834965147069397,2,81
Gabriel Fernando de Jesus,Gabriel Fernando de Jesus,1,FWD,[107.25  78.25  62.5 ],69.0,121.0,42.0,148.0,0.43216996496384846,0.3154493338818245,0.2523807011543268,0.3633463921004548,0.22131637600594098,2,81
Matheus Santos Carneiro Da Cunha,Matheus Santos Carneiro Da Cunha,20,FWD,[12.25  5.25  4.5 ],2.0,20.0,0.0,22.0,0.5566651783088626,0.2411151061241655,0.20221971556697263,0.0927615037288183,2.9304495390769848e-05,2,81
Kai Havertz,Kai Havertz,1,MID,[55.25 36.25 23.5 ],19.0,77.0,11.0,85.0,0.4800282646245169,0.3155063405940999,0.20446539478138293,0.19800854998793113,0.1145730476434425,2,82
Matheus Luiz Nunes,Matheus Luiz Nunes,20,MID,[19.25 15.25  2.5 ],1.0,38.0,1.0,38.0,0.521408359205108,0.41200377975456093,0.06658786104032971,0.025551773897683636,0.02529618194666088,3,82
Bruno Cavaco JordÃÂÃÂ£o,Bruno Cavaco JordÃÂÃÂ£o,20,MID,[0.25 0.25 0.5 ],0.0,5.0,0.0,5.0,0.2531833682549864,0.24761133412744002,0.49920529761757354,0.00010030914384604601,0.000257149351059443,3,82
Daniel Castelo Podence,Daniel Castelo Podence,20,MID,[48.25 43.25 37.5 ],12.0,84.0,7.0,89.0,0.3741611606482021,0.33467106914030337,0.29116777021149587,0.12479163834282433,0.07332246992521285,3,82
Francisco Jorge TomÃÂÃÂ¡s Oliveira,Francisco Jorge TomÃÂÃÂ¡s Oliveira,20,MID,[ 1.25  7.25 48.5 ],0.0,13.0,3.0,10.0,0.02230430366982236,0.1281652964861055,0.8495303998440727,0.00011498169898398017,0.23308913572257303,3,82
Martin ÃÂÃÂdegaard,Martin ÃÂÃÂdegaard,1,MID,[66.25 21.25  6.5 ],23.0,69.0,14.0,78.0,0.7052233120306584,0.2252498007003674,0.06952688726897577,0.24952687142189833,0.15207288765018764,2,83
Nicolas PÃÂÃÂ©pÃÂÃÂ©,Nicolas PÃÂÃÂ©pÃÂÃÂ©,1,MID,[43.25 37.25 73.5 ],16.0,69.0,13.0,72.0,0.2814925959522685,0.24189710440276443,0.4766102996449672,0.18853757997631737,0.15363906366019775,2,83
JoÃÂÃÂ£o Victor Gomes da Silva,JoÃÂÃÂ£o Victor Gomes da Silva,20,MID,[7.25 4.25 7.5 ],1.0,15.0,0.0,16.0,0.3813618569886628,0.22472439336614544,0.39391374964519094,0.06359014289067429,6.0125410383586906e-05,3,83
Pablo Sarabia,Pablo Sarabia,20,MID,[9.25 4.25 6.5 ],1.0,17.0,0.0,18.0,0.4627952384892028,0.21389073609111134,0.3233140254196859,0.05548158087097227,3.367337877354224e-05,3,83
Takehiro Tomiyasu,Takehiro Tomiyasu,1,DEF,[21.25 21.25 31.5 ],0.0,47.0,2.0,45.0,0.28843115009415704,0.2855562521924746,0.42601259771336875,1.529436826514996e-05,0.04217418595831097,2,87
Hugo Bueno LÃÂÃÂ³pez,Hugo Bueno LÃÂÃÂ³pez,20,DEF,[12.25  9.25 17.5 ],0.0,26.0,1.0,25.0,0.3146825196617347,0.23715948297332387,0.44815799736494155,3.8960929720300705e-05,0.038469445556075774,6,87
Jonathan Castro Otto,Jonathan Castro Otto,20,DEF,[84.25 22.25 84.5 ],6.0,105.0,6.0,105.0,0.44142566017563184,0.11657579234598765,0.44199854747837924,0.054053337122194,0.0539467821821136,6,87
Kieran Tierney,Kieran Tierney,1,DEF,[61.25 30.25 62.5 ],3.0,93.0,10.0,86.0,0.3972884715910975,0.19654032235108457,0.4061712060578167,0.030969549565350904,0.10360910557187433,2,87
Gabriel dos Santos MagalhÃÂÃÂ£es,Gabriel dos Santos MagalhÃÂÃÂ£es,1,DEF,[25.25 13.25  0.5 ],3.0,40.0,0.0,43.0,0.6482536451414599,0.33910529779004095,0.01264105706849704,0.07024178632813723,4.697534862593666e-06,2,87
Nuno Varela Tavares,Nuno Varela Tavares,1,DEF,[12.25 10.25 54.5 ],1.0,26.0,1.0,26.0,0.15891144140314215,0.13307853250006535,0.7080100260967916,0.03679539193601782,0.03583460480899424,2,87
NÃÂÃÂ©lson Cabral Semedo,NÃÂÃÂ©lson Cabral Semedo,20,DEF,[83.25 12.25 17.5 ],1.0,99.0,5.0,95.0,0.7371149558047733,0.10823078251509244,0.15465426168013782,0.010029427465841371,0.0495249867825154,6,87
Tom King,Tom King,20,GK,[0.25 0.25 0.5 ],0.0,5.0,0.0,5.0,0.2555050262722038,0.25467497813383716,0.48981999559396044,0.0001940601405068116,0.0001615046576128905,6,88
Aaron Ramsdale,Aaron Ramsdale,1,GK,[134.25  13.25  38.5 ],0.0,152.0,1.0,151.0,0.7213830410520059,0.07141907882592483,0.2071978801220699,5.251043866488327e-06,0.00644655162057199,2,88
Malcolm Ebiowei,Malcolm Ebiowei,8,MID,[ 0.25  3.25 35.5 ],0.0,8.0,0.0,8.0,0.006304244571137819,0.08344106078276171,0.9102546946461011,6.882072262551263e-05,7.147952435696064e-05,1,9
Jake O'Brien,Jake O'Brien,8,DEF,[0.25 0.25 0.5 ],0.0,5.0,0.0,5.0,0.24542528304910094,0.25490587907493456,0.4996688378759639,0.0002385634079259339,0.00011990771720760094,1,9
James Tomkins,James Tomkins,8,DEF,[109.25  12.25 145.5 ],10.0,116.0,2.0,124.0,0.41003321461511516,0.04599032142168001,0.5439764639632045,0.07951944479762235,0.01583787010067707,1,9
Kaoru Mitoma,Kaoru Mitoma,5,MID,[22.25 11.25  5.5 ],7.0,31.0,9.0,29.0,0.5712310085753578,0.28624817704705013,0.1425208143775895,0.18434726507207289,0.237804195224783,1,9
Jordan Ayew,Jordan Ayew,8,MID,[159.25  50.25  34.5 ],26.0,188.0,23.0,191.0,0.6532107396930924,0.20624016859980415,0.14054909170710322,0.12048227066881184,0.10737594877243269,1,8
Matheus FranÃÂÃÂ§a de Oliveira,Matheus FranÃÂÃÂ§a de Oliveira,8,MID,[0.25 0.25 0.5 ],0.0,5.0,0.0,5.0,0.2538667944625262,0.24225972198937085,0.5038734835481018,7.828780097949974e-05,0.000206201187355221,1,8
Simon Adingra,Simon Adingra,5,MID,[0.25 0.25 0.5 ],0.0,5.0,0.0,5.0,0.24141686732271633,0.2595791599693614,0.499003972707923,0.0001693133263542539,0.00012690624419101946,1,8
Billy Gilmour,Billy Gilmour,5,MID,[ 32.25  17.25 100.5 ],0.0,54.0,2.0,52.0,0.21602828531527285,0.11471640607744478,0.6692553086072829,1.694960736284095e-05,0.03759411383890483,1,8
Joe Whitworth,Joe Whitworth,8,GK,[0.25 0.25 0.5 ],0.0,5.0,0.0,5.0,0.24075103829696923,0.24403368379632706,0.5152152779067061,0.0001337592228126052,0.00020353934374751342,1,7
JoÃÂÃÂ£o Pedro Junqueira de Jesus,JoÃÂÃÂ£o Pedro Junqueira de Jesus,5,FWD,[14.25 17.25 24.5 ],3.0,33.0,1.0,35.0,0.25366816373170725,0.30923231381287336,0.43709952245541955,0.08331278729209135,0.02683614838349714,1,7
Aaron Connolly,Aaron Connolly,5,FWD,[21.25 24.25 66.5 ],5.0,45.0,4.0,46.0,0.19003797346599965,0.21681821362442497,0.5931438129095744,0.09983225921817657,0.07957351787097361,1,7
Mahmoud Dahoud,Mahmoud Dahoud,5,MID,[0.25 0.25 0.5 ],0.0,5.0,0.0,5.0,0.24553382713328478,0.249217442615539,0.5052487302511764,0.0003200115721851225,0.00029910648431702414,1,7
Jairo Riedewald,Jairo Riedewald,8,MID,[ 30.25  41.25 153.5 ],2.0,74.0,0.0,76.0,0.13439239739096662,0.183939822238387,0.681667780370648,0.026433558237441427,6.8564383834111855e-06,1,3
Tom McGill,Tom McGill,5,GK,[ 0.25  0.25 10.5 ],0.0,5.0,0.0,5.0,0.02309366561761027,0.022613566516615183,0.9542927678657749,0.00013846041676431845,0.00012975023940841107,1,3
Bart Verbruggen,Bart Verbruggen,5,GK,[0.25 0.25 0.5 ],0.0,5.0,0.0,5.0,0.2611576419880113,0.24452342008867717,0.49431893792331255,0.00038208304074472717,0.00028341359132797784,1,3
Andi Zeqiri,Andi Zeqiri,5,FWD,[ 0.25  9.25 63.5 ],0.0,14.0,0.0,14.0,0.0035290535359056283,0.12750060721237916,0.8689703392517156,5.4190167314894044e-05,8.507283363120199e-05,1,3
Naouirou Ahamada,Naouirou Ahamada,8,MID,[ 0.25  8.25 10.5 ],0.0,13.0,0.0,13.0,0.012996297418178916,0.4353323599443057,0.5516713426375173,8.228322281545161e-05,4.1816591756454765e-05,1,3
Steven Alzate,Steven Alzate,5,MID,[ 25.25  18.25 105.5 ],1.0,47.0,0.0,48.0,0.16921655197627716,0.1217364445764039,0.709047003447321,0.020723083244651122,1.9875127845723484e-05,1,3
Marc GuÃÂÃÂ©hi,Marc GuÃÂÃÂ©hi,8,DEF,[60.25 13.25  3.5 ],3.0,75.0,1.0,77.0,0.782217215484717,0.17205450877111164,0.04572827574416983,0.038825840423869544,0.012593516700967762,1,3
Eberechi Eze,Eberechi Eze,8,MID,[52.25 33.25 29.5 ],15.0,75.0,14.0,76.0,0.4532891621212042,0.28956843548315075,0.2571424023956432,0.16625866370915932,0.1542750913996074,1,3
Jeremy Sarmiento Morante,Jeremy Sarmiento Morante,5,MID,[ 1.25  8.25 29.5 ],0.0,14.0,2.0,12.0,0.032252961814597345,0.21264862982462945,0.7550984083607728,3.707472371120906e-05,0.1428512793309027,1,3
Jefferson Lerma SolÃÂÃÂ­s,Jefferson Lerma SolÃÂÃÂ­s,8,MID,[23.25 14.25  1.5 ],5.0,37.0,0.0,42.0,0.5942435947053297,0.3662607953400004,0.039495609954671766,0.1194378047615864,3.175231133894954e-05,1,2
John-Kymani Gordon,John-Kymani Gordon,8,FWD,[ 0.25  0.25 34.5 ],0.0,5.0,0.0,5.0,0.0069900087825385485,0.007670502951767871,0.9853394882656974,8.942912785263875e-05,0.0002211235489017659,2,81
Jean-Philippe Mateta,Jean-Philippe Mateta,8,FWD,[19.25 39.25 37.5 ],8.0,55.0,1.0,62.0,0.20100808608755982,0.4089725701760331,0.3900193437364079,0.12735248037616612,0.015841888338032187,2,81
Odsonne Edouard,Odsonne Edouard,8,FWD,[29.25 34.25 10.5 ],11.0,57.0,6.0,62.0,0.3945607654855532,0.4633720385167944,0.1420671959976528,0.16124897182676515,0.08852751371221754,2,81
Evan Ferguson,Evan Ferguson,5,FWD,[10.25 10.25 38.5 ],6.0,19.0,2.0,23.0,0.1739591344617462,0.17351350075224561,0.6525273647860079,0.24147717325430454,0.07922398580214064,2,81
Jeffrey Schlupp,Jeffrey Schlupp,8,MID,[113.25  70.25  83.5 ],16.0,172.0,15.0,173.0,0.4242995397228875,0.26307068280379486,0.31262977747331816,0.08473246257793543,0.07976543328713229,3,82
Cheick DoucourÃÂÃÂ©,Cheick DoucourÃÂÃÂ©,8,MID,[23.25 11.25  4.5 ],0.0,39.0,3.0,36.0,0.5950078462148006,0.28835063764826885,0.11664151613693143,3.088596148966239e-05,0.07699687477805546,3,82
Pascal GroÃÂÃÂ,Pascal GroÃÂÃÂ,5,MID,[96.25 33.25 23.5 ],16.0,118.0,26.0,108.0,0.6288807442641822,0.217734843065734,0.15338441267008163,0.11996347466474813,0.19409793415866206,3,82
Adam Lallana,Adam Lallana,5,MID,[ 72.25  69.25 125.5 ],12.0,134.0,12.0,134.0,0.27015870222699173,0.2589806924985363,0.4708606052744738,0.08231439264990684,0.08258409168908218,3,82
Will Hughes,Will Hughes,8,MID,[87.25 33.25 70.5 ],6.0,119.0,11.0,114.0,0.4565477652314305,0.17463095310734045,0.3688212816612273,0.04800509172361561,0.0880947162031372,3,83
MoisÃÂÃÂ©s Caicedo Corozo,MoisÃÂÃÂ©s Caicedo Corozo,5,MID,[21.25 16.25  1.5 ],1.0,41.0,1.0,41.0,0.5451892379329547,0.4167251084999309,0.038085653567117114,0.023338926226556832,0.02439426643737848,3,83
James Milner,James Milner,5,MID,[100.25 102.25  64.5 ],14.0,193.0,18.0,189.0,0.37567330649079766,0.38268530614154445,0.24164138736765825,0.06748309671205616,0.08649353319489649,3,83
Solly March,Solly March,5,MID,[18.25 15.25  5.5 ],6.0,32.0,10.0,28.0,0.4681927249440511,0.39074841434817076,0.1410588607077792,0.15857326503169986,0.2622102890984074,3,83
Tyrick Mitchell,Tyrick Mitchell,8,DEF,[78.25 17.25 41.5 ],1.0,99.0,6.0,94.0,0.5727445373476198,0.12596874604197253,0.30128671661040596,0.009810950665734636,0.05964749215543853,6,87
Pervis EstupiÃÂÃÂ±ÃÂÃÂ¡n,Pervis EstupiÃÂÃÂ±ÃÂÃÂ¡n,5,DEF,[24.25 11.25  1.5 ],1.0,39.0,7.0,33.0,0.6534703455203934,0.30526934666960925,0.041260307809996406,0.025552363046438376,0.17457467921785344,6,87
JoÃÂÃÂ«l Veltman,JoÃÂÃÂ«l Veltman,5,DEF,[71.25 22.25 21.5 ],3.0,95.0,3.0,95.0,0.6192931969885024,0.19368804992794122,0.18701875308355764,0.030181894313950085,0.03038532661858853,6,87
Lewis Dunk,Lewis Dunk,5,DEF,[194.25  14.25  20.5 ],13.0,200.0,6.0,207.0,0.8476730212316681,0.06270268214855766,0.08962429661977457,0.06129907860529161,0.02818314173473766,6,87
Joachim Andersen,Joachim Andersen,8,DEF,[83.25 14.25 13.5 ],2.0,100.0,5.0,97.0,0.7497838040145928,0.1281817404932455,0.12203445549216024,0.019293843342170162,0.04868386487393655,6,87
Jason Steele,Jason Steele,5,GK,[ 16.25   0.25 136.5 ],0.0,21.0,1.0,20.0,0.10591708265830344,0.0016038683438012711,0.8924790489978933,3.963937160578228e-05,0.04703059000560066,6,87
Joel Ward,Joel Ward,8,DEF,[154.25  21.25  91.5 ],2.0,178.0,4.0,176.0,0.578027920030121,0.07965535600107634,0.34231672396880086,0.011374392234001761,0.022318902590666646,6,87
Nathaniel Clyne,Nathaniel Clyne,8,DEF,[ 93.25  16.25 115.5 ],0.0,114.0,5.0,109.0,0.41393801531664337,0.07258535993831956,0.5134766247450371,5.799843380161273e-06,0.044304274589898815,6,87
Adam Webster,Adam Webster,5,DEF,[82.25 27.25 43.5 ],6.0,108.0,1.0,113.0,0.5377765732774812,0.17830313325768188,0.28392029346483627,0.052826675741438,0.008758309887298579,6,87
Vicente Guaita,Vicente Guaita,8,GK,[134.25  15.25  41.5 ],0.0,154.0,0.0,154.0,0.7030017004801336,0.08005560005934866,0.21694269946051958,7.3184020566900734e-06,8.882659007393883e-06,6,88
Sean Longstaff,Sean Longstaff,15,MID,[68.25 43.25 77.5 ],4.0,112.0,10.0,106.0,0.3616312907273048,0.22886417916321267,0.40950453010948246,0.034618636098950634,0.08593265097451036,1,9
Femi Seriki,Femi Seriki,17,DEF,[0.25 1.25 1.5 ],0.0,6.0,0.0,6.0,0.08507148900494843,0.41286229780610256,0.5020662131889477,8.81457708428514e-05,0.00020602328525515183,1,9
Jacob Murphy,Jacob Murphy,15,MID,[56.25 73.25 99.5 ],8.0,126.0,12.0,122.0,0.24548223605251002,0.3190054172111967,0.4355123467362955,0.05977118979384511,0.0899613466945179,4,9
Ben Osborn,Ben Osborn,17,MID,[22.25 15.25 39.5 ],1.0,41.0,0.0,42.0,0.288769116527213,0.1980879624520705,0.5131429210207159,0.02412248706736711,2.439313614060871e-05,1,9
Jamal Lewis,Jamal Lewis,15,DEF,[49.25 10.25 93.5 ],1.0,63.0,1.0,63.0,0.32174173408603746,0.06662673562068255,0.6116315302932771,0.0157236325414549,0.015599081513082131,1,8
Joe Willock,Joe Willock,15,MID,[19.25 16.25  3.5 ],3.0,37.0,7.0,33.0,0.4936000602857399,0.41720238089327166,0.08919755882098825,0.07463924904431077,0.17558963508237133,22,8
Harrison Ashby,Harrison Ashby,15,DEF,[ 0.25  1.25 68.5 ],0.0,6.0,0.0,6.0,0.003419127134689322,0.017835902219166453,0.9787449706461443,0.0001736837742940912,0.0001475929754278872,1,8
Martin Dubravka,Martin Dubravka,15,GK,[128.25   1.25  73.5 ],0.0,134.0,0.0,134.0,0.6314230229438578,0.006202026095060534,0.3623749509610809,6.556102880790171e-06,4.323462228512098e-06,1,8
William Osula,William Osula,17,FWD,[0.25 0.25 1.5 ],0.0,5.0,0.0,5.0,0.12378102485020333,0.1274392138999927,0.7487797612498028,0.0002642608531254437,0.00018745182798962632,1,8
Daniel Jebbison,Daniel Jebbison,17,FWD,[3.25 1.25 0.5 ],1.0,8.0,0.0,9.0,0.6522368859942529,0.24903829315508402,0.0987248208506636,0.10988300409569461,0.0002795644013332645,1,8
Rhys Norrington-Davies,Rhys Norrington-Davies,17,DEF,[0.25 0.25 0.5 ],0.0,5.0,0.0,5.0,0.2425609977317133,0.2556889597218552,0.501750042546432,0.0001769888799308352,0.00014108137984841202,1,7
Jayden Bogle,Jayden Bogle,17,DEF,[11.25  5.25 22.5 ],2.0,19.0,0.0,21.0,0.28714671878503056,0.13619671859031546,0.5766565626246525,0.0964895206844043,4.9221742667927476e-05,1,7
Auston Trusty,Auston Trusty,17,DEF,[0.25 0.25 0.5 ],0.0,5.0,0.0,5.0,0.24440902321644054,0.25665794538218106,0.49893303140137707,0.0001507958949605557,0.00019259242159808883,1,7
Javier Manquillo GaitÃÂÃÂ¡n,Javier Manquillo GaitÃÂÃÂ¡n,15,DEF,[ 0.25  4.25 34.5 ],0.0,9.0,0.0,9.0,0.0066787245898598325,0.10948341306503726,0.8838378623451026,8.762227969833628e-05,0.000197408528753774,1,3
Max Lowe,Max Lowe,17,DEF,[ 5.25  3.25 30.5 ],0.0,13.0,0.0,13.0,0.13573516641014763,0.083128969508524,0.7811358640813276,0.00013790168982825158,5.115914748488041e-05,1,3
Antwoine Hackford,Antwoine Hackford,17,FWD,[ 0.25  1.25 21.5 ],0.0,6.0,0.0,6.0,0.011079493416474627,0.054299465673828755,0.9346210409096984,0.00013558142252026342,0.0001380822524354429,1,3
Joelinton CÃÂÃÂ¡ssio ApolinÃÂÃÂ¡rio de Lira,Joelinton CÃÂÃÂ¡ssio ApolinÃÂÃÂ¡rio de Lira,15,MID,[102.25  34.25  16.5 ],16.0,125.0,11.0,130.0,0.6685334795831883,0.22383066768977447,0.10763585272704008,0.11367444624389386,0.07788405800735251,1,3
Sven Botman,Sven Botman,15,DEF,[24.25 12.25  2.5 ],0.0,41.0,2.0,39.0,0.6232838872945413,0.31263418405525917,0.0640819286502006,3.306050931124749e-05,0.048944815806628315,1,3
Dan Burn,Dan Burn,15,DEF,[103.25  25.25  40.5 ],3.0,130.0,1.0,132.0,0.610688072570244,0.14946828204835264,0.23984364538140426,0.02255264883770282,0.007499682680931409,1,3
Oliver McBurnie,Oliver McBurnie,17,FWD,[36.25 39.25 75.5 ],7.0,73.0,4.0,76.0,0.24057144461760818,0.2600107472461232,0.499417808136269,0.08763771373325277,0.05037618745887681,1,3
Anis Slimane,Anis Slimane,17,MID,[0.25 0.25 0.5 ],0.0,5.0,0.0,5.0,0.2519658144124124,0.2516637396284854,0.4963704459591023,0.00013448102480591767,0.00014498164860118624,1,2
Kieran Trippier,Kieran Trippier,15,DEF,[ 80.25  27.25 102.5 ],4.0,108.0,26.0,86.0,0.38272469317549523,0.12939910890533257,0.48787619791917175,0.03532363868206217,0.23145670705012403,1,2
Callum Wilson,Callum Wilson,15,FWD,[148.25  40.25  78.5 ],74.0,119.0,33.0,160.0,0.5547549660122899,0.150473719706423,0.2947713142812878,0.3827226322240772,0.1707740335256819,2,81
Louie Marsh,Louie Marsh,17,FWD,[0.25 0.25 0.5 ],0.0,5.0,0.0,5.0,0.25719435058498424,0.25200264803631933,0.49080300137869626,0.00013897471304901248,0.00018445749697599197,2,81
Alexander Isak,Alexander Isak,15,FWD,[14.25  8.25 13.5 ],10.0,17.0,2.0,25.0,0.3951120926244316,0.2287028456662157,0.37618506170935345,0.36923877342490435,0.07419210829962435,2,81
Rhian Brewster,Rhian Brewster,17,FWD,[11.25 16.25 54.5 ],0.0,32.0,0.0,32.0,0.1370904045221318,0.19769474931486977,0.6652148461629982,5.230850580632449e-05,3.751872958796164e-05,2,81
Harvey Barnes,Harvey Barnes,15,MID,[98.25 48.25 29.5 ],35.0,116.0,32.0,119.0,0.5579127302621347,0.2746384286080584,0.1674488411298049,0.2307903168935158,0.2113733698131424,2,82
Sandro Tonali,Sandro Tonali,15,MID,[0.25 0.25 0.5 ],0.0,5.0,0.0,5.0,0.25103324273950195,0.2558401525388016,0.4931266047216961,0.00010723593477060089,0.00015161847887201196,2,82
Bruno GuimarÃÂÃÂ£es Rodriguez Moura,Bruno GuimarÃÂÃÂ£es Rodriguez Moura,15,MID,[32.25 17.25  6.5 ],9.0,45.0,6.0,48.0,0.578201258343422,0.30568887671971723,0.11610986493686175,0.166860854528395,0.11058894898156436,2,82
Matt Ritchie,Matt Ritchie,15,MID,[112.25  20.25  96.5 ],7.0,130.0,23.0,114.0,0.4905606477555586,0.08855368263579136,0.4208856696086509,0.05164726691833823,0.16733501209376447,2,82
Andre Brooks,Andre Brooks,17,MID,[0.25 0.25 0.5 ],0.0,5.0,0.0,5.0,0.24824300048795284,0.2513527680072268,0.5004042315048197,0.00011555910486530487,0.00022878207256055237,3,82
John Fleck,John Fleck,17,MID,[55.25  6.25 15.5 ],5.0,61.0,5.0,61.0,0.7175733656972789,0.08148849329824766,0.20093814100447152,0.07581239548310204,0.07596630748562494,3,82
Vini de Souza Costa,Vini de Souza Costa,17,MID,[0.25 0.25 0.5 ],0.0,5.0,0.0,5.0,0.2547189291588477,0.25111846373339575,0.4941626071077579,0.0003189683856042393,0.00010940276874843879,3,83
Ismaila Coulibaly,Ismaila Coulibaly,17,MID,[0.25 0.25 0.5 ],0.0,5.0,0.0,5.0,0.24597758957880264,0.24287659108705797,0.51114581933414,0.0001275085837013114,0.00014158888492955585,3,83
Oliver Norwood,Oliver Norwood,17,MID,[60.25 10.25 44.5 ],1.0,74.0,3.0,72.0,0.523268811048777,0.0892108567343436,0.3875203322168799,0.013280695112934688,0.039543706903636594,3,83
Alex Murphy,Alex Murphy,15,DEF,[0.25 0.25 0.5 ],0.0,5.0,0.0,5.0,0.2510804822940569,0.24834305669890797,0.5005764610070365,0.0001880533740218328,0.00014888598723497012,2,87
Chris Basham,Chris Basham,17,DEF,[69.25  0.25  7.5 ],0.0,74.0,2.0,72.0,0.9003562572889344,0.00307950652328965,0.09656423618777449,1.0503795846665734e-05,0.02696745349802308,6,87
George Baldock,George Baldock,17,DEF,[68.25  2.25  6.5 ],2.0,73.0,6.0,69.0,0.8868771301484134,0.028596307886681382,0.08452656196490482,0.0263705437604969,0.07945962729952494,6,87
Kell Watts,Kell Watts,15,DEF,[0.25 0.25 0.5 ],0.0,5.0,0.0,5.0,0.2418877021832464,0.25485195344294415,0.5032603443738097,0.000149406223556337,0.00013662723770797814,2,87
Matt Targett,Matt Targett,15,DEF,[116.25  23.25 127.5 ],3.0,141.0,12.0,132.0,0.4348099110743975,0.08694746402705479,0.4782426248985486,0.02085017418547963,0.08311740589876047,2,87
Jamaal Lascelles,Jamaal Lascelles,15,DEF,[126.25  15.25  87.5 ],7.0,139.0,2.0,144.0,0.5514661382001335,0.06636041707130035,0.38217344472856396,0.04785290713974236,0.013698029532515622,2,87
Jack Robinson,Jack Robinson,17,DEF,[16.25  1.25 35.5 ],0.0,22.0,2.0,20.0,0.3082340936795829,0.023866692471290207,0.6678992138491279,3.5761136872993264e-05,0.0908350445112143,6,87
Jordan Amissah,Jordan Amissah,17,GK,[0.25 0.25 0.5 ],0.0,5.0,0.0,5.0,0.25188260520352357,0.2511455232711223,0.49697187152535444,0.000247345736622026,0.0004638579075153217,6,88
Nick Pope,Nick Pope,15,GK,[164.25  14.25  88.5 ],0.0,183.0,0.0,183.0,0.6149557428681984,0.05301317593564313,0.33203108119615776,4.390749619615327e-06,4.287455698452227e-06,2,88
Harry Toffolo,Harry Toffolo,16,DEF,[ 3.25 16.25 19.5 ],0.0,24.0,0.0,24.0,0.08262009590284933,0.42022093227512153,0.4971589718220295,1.9430301377331462e-05,5.23913696693009e-05,1,9
Kieffer Moore,Kieffer Moore,3,FWD,[ 5.25 22.25 11.5 ],4.0,28.0,0.0,32.0,0.13277534516900386,0.5712740806358534,0.29595057419514365,0.12497231884026294,1.635632313261115e-05,5,9
Marcus Tavernier,Marcus Tavernier,3,MID,[ 5.25 18.25 15.5 ],5.0,23.0,4.0,24.0,0.13487356890623067,0.46709793451952364,0.3980284965742452,0.17800075988351427,0.14138281427455776,4,8
Ben Pearson,Ben Pearson,3,MID,[ 0.25  7.25 31.5 ],0.0,12.0,0.0,12.0,0.00653167959684204,0.18524891788051023,0.8082194025226476,6.842762770932889e-05,3.7579115803013155e-05,1,8
David Brooks,David Brooks,3,MID,[37.25  8.25 69.5 ],8.0,42.0,6.0,44.0,0.32351860254975234,0.07196721050809561,0.6045141869421518,0.15969107836484955,0.11976560038732594,1,8
Ethan Horvath,Ethan Horvath,16,GK,[0.25 0.25 0.5 ],0.0,5.0,0.0,5.0,0.2444292183125493,0.25319471769429586,0.5023760639931544,0.0002022931410199938,0.0002539160061400105,1,8
Felipe Augusto de Almeida Monteiro,Felipe Augusto de Almeida Monteiro,16,DEF,[15.25  1.25  2.5 ],0.0,21.0,1.0,20.0,0.8016598671316166,0.06605630326544425,0.13228382960293958,3.6125836397121705e-05,0.04831160821275732,1,8
Neco Williams,Neco Williams,16,DEF,[12.25 32.25 92.5 ],1.0,48.0,2.0,47.0,0.08959960450598319,0.23565912270674536,0.6747412727872729,0.020305483774748428,0.0403642799821459,1,8
Danilo dos Santos de Oliveira,Danilo dos Santos de Oliveira,16,MID,[12.25  1.25  6.5 ],3.0,15.0,2.0,16.0,0.6103767883426557,0.06234520743441462,0.32727800422292874,0.16688564867134456,0.11126025737663925,1,8
Alex Mighten,Alex Mighten,16,MID,[ 0.25  1.25 37.5 ],0.0,6.0,0.0,6.0,0.00629324602183534,0.032379181014463757,0.9613275729637024,0.00014231004103677073,0.00015904387086613597,1,8
Illia Zabarnyi,Illia Zabarnyi,3,DEF,[ 3.25  2.25 13.5 ],0.0,10.0,0.0,10.0,0.1706962522981882,0.11959402110791163,0.7097097265938999,6.950869421907293e-05,9.407105386901984e-05,1,7
James Hill,James Hill,3,DEF,[ 0.25  0.25 38.5 ],0.0,5.0,0.0,5.0,0.006389780417319819,0.006596152641122062,0.9870140669415547,0.00016475981165613821,0.00022621679016677669,1,7
Remo Freuler,Remo Freuler,16,MID,[16.25 12.25  8.5 ],0.0,33.0,0.0,33.0,0.4385748502830045,0.3326791196194578,0.22874603009753586,1.5112249623099799e-05,3.552115226254943e-05,1,3
Lloyd Kelly,Lloyd Kelly,3,DEF,[25.25  6.25 45.5 ],0.0,36.0,2.0,34.0,0.32794844337610674,0.08074891634296973,0.5913026402809224,4.194716418820783e-05,0.05468751654816891,1,3
Ben Greenwood,Ben Greenwood,3,DEF,[ 0.25  0.25 18.5 ],0.0,5.0,0.0,5.0,0.013441367668351191,0.013370261187485008,0.9731883711441609,0.00022522129278335963,0.000272878563199844,1,3
Mark Travers,Mark Travers,3,GK,[ 8.25  7.25 63.5 ],0.0,20.0,0.0,20.0,0.10468602945698463,0.09193432303507643,0.803379647507941,6.43997531969738e-05,7.722137915668626e-05,1,3
Justin Kluivert,Justin Kluivert,3,MID,[0.25 0.25 0.5 ],0.0,5.0,0.0,5.0,0.24653882305605343,0.25036305245451534,0.5030981244894313,0.00019049959121855733,0.00019012845612382897,1,3
Jonathan Panzo,Jonathan Panzo,16,DEF,[ 0.25  0.25 38.5 ],0.0,5.0,0.0,5.0,0.006451935211225409,0.006169337323151099,0.9873787274656252,0.00020867494767739245,0.00019168265190472176,1,3
Omar Richards,Omar Richards,16,DEF,[ 0.25  0.25 38.5 ],0.0,5.0,0.0,5.0,0.006485271381735005,0.0061837498271947195,0.9873309787910721,0.00019769619206153356,0.00038074320732151234,1,3
Brandon Aguilera Zamora,Brandon Aguilera Zamora,16,MID,[0.25 0.25 0.5 ],0.0,5.0,0.0,5.0,0.25605473641150317,0.24375565611756492,0.5001896074709323,0.00010323812138668603,0.00016081233392462117,1,3
Milos Kerkez,Milos Kerkez,3,DEF,[0.25 0.25 0.5 ],0.0,5.0,0.0,5.0,0.2483235917387399,0.2517381820390706,0.4999382262221884,0.0001333926834855931,0.00012864348524006534,1,2
Giulian Biancone,Giulian Biancone,16,DEF,[ 0.25  2.25 36.5 ],0.0,7.0,0.0,7.0,0.006403951641082465,0.05767724847407084,0.9359187998848498,8.561377356664739e-05,8.098443815478148e-05,1,2
Taiwo Awoniyi,Taiwo Awoniyi,16,FWD,[11.25 16.25 11.5 ],10.0,22.0,1.0,31.0,0.2885079579891807,0.4175490238027187,0.293943018208101,0.3143684665422491,0.03119428235003403,2,81
Dominic Solanke,Dominic Solanke,3,FWD,[45.25 51.25 87.5 ],10.0,91.0,15.0,86.0,0.24568603435593964,0.27904168422777936,0.4752722814162796,0.09848140124646321,0.14857382254254448,2,81
Dango Ouattara,Dango Ouattara,3,MID,[15.25  4.25  0.5 ],1.0,23.0,3.0,21.0,0.7599818704355044,0.21430133648536961,0.025716793079126433,0.042889382047437516,0.12600542217706148,2,82
Lewis Cook,Lewis Cook,3,MID,[56.25 47.25 87.5 ],0.0,108.0,7.0,101.0,0.2943844199142418,0.24761548560417937,0.4580000944815791,9.741020008353461e-06,0.06503716338958264,2,82
Ryan Christie,Ryan Christie,3,MID,[13.25 19.25  6.5 ],1.0,36.0,2.0,35.0,0.33937746615045755,0.4951785941133002,0.16544393973624327,0.02688986299316383,0.0549236101798987,2,82
Brennan Johnson,Brennan Johnson,16,MID,[21.25 17.25  0.5 ],8.0,35.0,5.0,38.0,0.5429463600272457,0.44433099027541956,0.012722649697336514,0.18676749694347738,0.116335733140406,3,82
Morgan Gibbs-White,Morgan Gibbs-White,16,MID,[ 33.25  50.25 107.5 ],6.0,82.0,14.0,74.0,0.17349994551394815,0.26329150967949444,0.563208544806559,0.06827551472829249,0.15959997540112617,3,82
Cheikhou KouyatÃÂÃÂ©,Cheikhou KouyatÃÂÃÂ©,16,MID,[89.25 30.25 31.5 ],3.0,121.0,3.0,121.0,0.5917486806754678,0.19983564629441752,0.20841567303011366,0.024176170217188785,0.024623654461730725,3,82
Orel Mangala,Orel Mangala,16,MID,[17.25 10.25 11.5 ],1.0,31.0,1.0,31.0,0.4413123287240595,0.2619789837919797,0.2967086874839629,0.03154377059133175,0.031167397511789176,3,82
Harry Arter,Harry Arter,16,MID,[67.25  6.25 79.5 ],2.0,76.0,5.0,73.0,0.438922696584111,0.04100368705270782,0.5200736163631827,0.025651904068630153,0.0645838370027187,3,82
Philip Billing,Philip Billing,3,MID,[78.25 35.25 39.5 ],10.0,108.0,3.0,115.0,0.5113260980118911,0.2306037697240648,0.25807013226404335,0.08460572374357186,0.02562150893971367,2,83
Joe Rothwell,Joe Rothwell,3,MID,[12.25  8.25 18.5 ],0.0,25.0,1.0,24.0,0.3140445203156087,0.20987772602875363,0.47607775365563665,4.1930354099397184e-05,0.03994374966304572,2,83
Scott McKenna,Scott McKenna,16,DEF,[ 5.25 15.25 18.5 ],0.0,25.0,0.0,25.0,0.13543261119665392,0.3900835619065247,0.47448382689681995,1.7564454216657592e-05,5.79733200505299e-05,6,87
Marcos Senesi,Marcos Senesi,3,DEF,[19.25 12.25  6.5 ],2.0,34.0,0.0,36.0,0.5073623597468274,0.3214779680860267,0.17115967216714548,0.05572916358541417,4.037910619615438e-05,2,87
Max Aarons,Max Aarons,3,DEF,[32.25  2.25  4.5 ],0.0,39.0,2.0,37.0,0.8298104206289781,0.056355668842320836,0.11383391052870082,3.095137566429147e-05,0.05088987065543894,2,87
Adam Smith,Adam Smith,3,DEF,[123.25  26.25  41.5 ],3.0,151.0,11.0,143.0,0.6449299556210539,0.13753188991859683,0.21753815446034896,0.019465132030085625,0.07144647208697187,2,87
Chris Mepham,Chris Mepham,3,DEF,[29.25 22.25 40.5 ],1.0,55.0,1.0,55.0,0.31861048240622303,0.24143095112178434,0.439958566471993,0.01781499214799365,0.01785147689002351,2,87
Willy Boly,Willy Boly,16,DEF,[96.25  4.25 90.5 ],5.0,100.0,3.0,102.0,0.5032630654762769,0.02243175145357785,0.4743051830701448,0.048075650224939016,0.028663638181396937,6,87
Moussa NiakhatÃÂÃÂ©,Moussa NiakhatÃÂÃÂ©,16,DEF,[12.25  2.25 24.5 ],0.0,19.0,0.0,19.0,0.3139272852903627,0.05777726638922039,0.6282954483204198,1.0834192946062581e-05,5.893694516505955e-05,6,87
Joe Worrall,Joe Worrall,16,DEF,[15.25 15.25  8.5 ],1.0,34.0,0.0,35.0,0.3906258123875224,0.39233614239665304,0.21703804521582393,0.0289176804495642,2.6751992299648936e-05,6,87
IonuÃÂÃÂ Radu,IonuÃÂÃÂ Radu,3,GK,[0.25 0.25 0.5 ],0.0,5.0,0.0,5.0,0.2449167624176046,0.24204844649762955,0.5130347910847649,2.7387719139167067e-05,0.00017759192754821665,2,88
Wayne Hennessey,Wayne Hennessey,16,GK,[ 81.25   2.25 183.5 ],0.0,88.0,0.0,88.0,0.30437314431608026,0.00853313962345017,0.6870937160604678,1.0423266975179502e-05,1.1970002631880744e-05,6,88
Gianluca Scamacca,Gianluca Scamacca,19,FWD,[ 3.25 13.25 22.5 ],3.0,18.0,0.0,21.0,0.08223664429502701,0.33945823166594413,0.5783051240390296,0.14275036640226146,2.7820784535199437e-05,1,9
Philippe Coutinho Correia,Philippe Coutinho Correia,2,MID,[17.25 22.25 18.5 ],6.0,38.0,3.0,41.0,0.296669632818422,0.38445293876609754,0.3188774284154811,0.1363883087638275,0.06805817874491936,6,9
Jhon DurÃÂÃÂ¡n,Jhon DurÃÂÃÂ¡n,2,FWD,[ 0.25 12.25  6.5 ],0.0,17.0,0.0,17.0,0.013661065416530093,0.6442926592481222,0.3420462753353481,0.00010230418516016283,5.313028818421322e-05,1,8
Ollie Watkins,Ollie Watkins,2,FWD,[93.25 16.25  5.5 ],40.0,74.0,20.0,94.0,0.8111286144685986,0.14094815796779228,0.047923227563610026,0.3503443910156246,0.1760446269894053,4,8
Danny Ings,Danny Ings,19,FWD,[108.25  56.25 102.5 ],57.0,112.0,18.0,151.0,0.40572905332857484,0.21048598534059107,0.38378496133083484,0.33756228909009467,0.10630644841484056,1,8
Pablo Fornals Malla,Pablo Fornals Malla,19,MID,[ 8.25 24.25  6.5 ],3.0,34.0,1.0,36.0,0.2117534166881232,0.6219402263491349,0.16630635696274002,0.08105328136692168,0.02700720410461292,1,8
Flynn Downes,Flynn Downes,19,MID,[ 4.25 17.25 17.5 ],0.0,26.0,0.0,26.0,0.10945503715859556,0.44186163906271314,0.44868332377868875,5.5248701043646965e-05,2.897960143718481e-05,1,8
Divin Mubama,Divin Mubama,19,FWD,[ 0.25  3.25 20.5 ],0.0,8.0,0.0,8.0,0.0105264969589291,0.13679591445154643,0.8526775885895227,0.00016541888616608704,0.00011790988294020146,1,8
Omari Kellyman,Omari Kellyman,2,MID,[0.25 0.25 0.5 ],0.0,5.0,0.0,5.0,0.25693503034159526,0.2505348233517747,0.4925301463066293,0.0002469262599215882,0.0002704889831737731,1,8
Emiliano BuendÃÂÃÂ­a Stati,Emiliano BuendÃÂÃÂ­a Stati,2,MID,[43.25 30.25  3.5 ],9.0,69.0,9.0,69.0,0.5636644409289256,0.3910265266422358,0.0453090324288375,0.11555207212225878,0.11586690996650134,1,8
Nikola VlaÃÂÃÂ¡iÃÂÃÂ,Nikola VlaÃÂÃÂ¡iÃÂÃÂ,19,MID,[0.25 0.25 0.5 ],0.0,5.0,0.0,5.0,0.2533132334865107,0.2524651327893603,0.4942216337241291,0.0002375121335274673,0.00030083306698686383,1,7
Boubacar Kamara,Boubacar Kamara,2,MID,[14.25 10.25 14.5 ],0.0,29.0,1.0,28.0,0.36569724314958496,0.26348960478134364,0.3708131520690697,2.3315702817992334e-05,0.034288083585340655,1,7
Emerson Palmieri dos Santos,Emerson Palmieri dos Santos,19,DEF,[ 35.25  20.25 148.5 ],1.0,59.0,1.0,59.0,0.17319557235274377,0.09891662413114513,0.7278878035161103,0.016737104808822987,0.01684203484056662,1,3
Viljami Sinisalo,Viljami Sinisalo,2,GK,[ 0.25  0.25 54.5 ],0.0,5.0,0.0,5.0,0.004444331031924079,0.004577339041924688,0.990978329926149,0.00020000100324459963,0.00023306888782257738,1,3
Morgan Sanson,Morgan Sanson,2,MID,[ 6.25 15.25 75.5 ],0.0,26.0,0.0,26.0,0.06496938408900874,0.15744596297035046,0.7775846529406415,5.656549956940996e-05,3.834543164407497e-05,1,3
Ezri Konsa Ngoyo,Ezri Konsa Ngoyo,2,DEF,[108.25  20.25  24.5 ],5.0,128.0,2.0,131.0,0.7072156591445707,0.1325896625652172,0.16019467829021197,0.037777156044757336,0.014953025116748649,1,3
Keinan Davis,Keinan Davis,2,FWD,[  5.25  29.25 118.5 ],1.0,38.0,2.0,37.0,0.03420055861737919,0.19041473820487498,0.7753847031777461,0.025645569246713178,0.05097900716443026,1,3
Aaron Cresswell,Aaron Cresswell,19,DEF,[183.25  25.25  58.5 ],6.0,207.0,26.0,187.0,0.6860856726603651,0.09473502765942382,0.2191792996802104,0.02798560006681588,0.12246069237642103,1,3
Maxwel Cornet,Maxwel Cornet,19,MID,[20.25 20.25 32.5 ],9.0,36.0,2.0,43.0,0.2774624415762573,0.277625167137493,0.4449123912862484,0.20002148405138148,0.04392730115594233,1,3
Nayef Aguerd,Nayef Aguerd,19,DEF,[17.25  1.25 20.5 ],2.0,21.0,0.0,23.0,0.443444116779815,0.03184702407575914,0.5247088591444274,0.08656661533044026,4.145711627772979e-05,1,3
Kortney Hause,Kortney Hause,2,DEF,[ 28.25   4.25 158.5 ],3.0,34.0,0.0,37.0,0.1474418709940684,0.022028057264394774,0.8305300717415385,0.08156688002140512,5.6201320211119786e-05,1,3
Thilo Kehrer,Thilo Kehrer,19,DEF,[13.25 14.25  9.5 ],0.0,32.0,3.0,29.0,0.3598379530127623,0.38306112889135635,0.25710091809588104,3.507663441396892e-05,0.09530720058712447,1,2
Michail Antonio,Michail Antonio,19,FWD,[149.25  53.25  64.5 ],53.0,154.0,40.0,167.0,0.5583479111467116,0.19996503579795605,0.24168705305533286,0.2555238117440081,0.19269328434354477,2,81
Wesley Moraes Ferreira da Silva,Wesley Moraes Ferreira da Silva,2,FWD,[0.25 0.25 0.5 ],0.0,5.0,0.0,5.0,0.2544457126054359,0.24611787544057587,0.49943641195398725,0.00020757166977108534,0.0002279495730936032,2,81
Youri Tielemans,Youri Tielemans,2,MID,[125.25  26.25  15.5 ],21.0,135.0,22.0,134.0,0.7505913361253129,0.1569810263562179,0.09242763751846908,0.133927902208874,0.14086465717921468,2,82
John McGinn,John McGinn,2,MID,[116.25  18.25  18.5 ],10.0,129.0,19.0,120.0,0.7599400254899081,0.11991199894656074,0.12014797556353324,0.0720894815029386,0.1367681747188708,2,82
SaÃÂÃÂ¯d Benrahma,SaÃÂÃÂ¯d Benrahma,19,MID,[56.25 41.25 12.5 ],15.0,87.0,15.0,87.0,0.5106421168789561,0.37650414765223184,0.11285373546881329,0.147349871706368,0.14623339646488753,3,82
Jarrod Bowen,Jarrod Bowen,19,MID,[97.25 35.25 33.5 ],27.0,110.0,36.0,101.0,0.5858927459516097,0.2120816295904941,0.20202562445789776,0.19651968041440987,0.262759770196553,3,82
TomÃÂÃÂ¡ÃÂÃÂ¡ SouÃÂÃÂek,TomÃÂÃÂ¡ÃÂÃÂ¡ SouÃÂÃÂek,19,MID,[0.25 0.25 0.5 ],0.0,5.0,0.0,5.0,0.250818912207747,0.25822963018554074,0.4909514576067123,0.00012763040166287836,9.99927053162188e-05,3,82
Edson ÃÂÃÂlvarez VelÃÂÃÂ¡zquez,Edson ÃÂÃÂlvarez VelÃÂÃÂ¡zquez,19,MID,[0.25 0.25 0.5 ],0.0,5.0,0.0,5.0,0.2525444534943481,0.24761968497395423,0.499835861531697,0.000176062175493505,0.0002509729342152092,3,82
Leon Bailey,Leon Bailey,2,MID,[20.25 31.25 25.5 ],5.0,51.0,8.0,48.0,0.2626478433520519,0.4065331773484249,0.3308189792995227,0.08938254239519164,0.1419625164551067,2,82
Douglas Luiz Soares de Paulo,Douglas Luiz Soares de Paulo,2,MID,[115.25  25.25  12.5 ],11.0,134.0,14.0,131.0,0.753144454364162,0.16517038458351535,0.08168516105232296,0.07588789441854739,0.0965882710983184,2,82
Lucas Tolentino Coelho de Lima,Lucas Tolentino Coelho de Lima,19,MID,[21.25  7.25  6.5 ],4.0,29.0,5.0,28.0,0.6067975124575934,0.20774493054000276,0.18545755700240524,0.12093344900096271,0.1527931323372762,3,83
Jacob Ramsey,Jacob Ramsey,2,MID,[53.25 38.25 22.5 ],12.0,84.0,9.0,87.0,0.4663656422087691,0.33556016573741104,0.19807419205382104,0.12563473496077565,0.09402967363988972,2,83
VladimÃÂÃÂ­r Coufal,VladimÃÂÃÂ­r Coufal,19,DEF,[0.25 0.25 0.5 ],0.0,5.0,0.0,5.0,0.24850244446003722,0.24403483668386797,0.5074627188560935,0.00018243858971012558,0.0002022697435606049,6,87
Lucas Digne,Lucas Digne,2,DEF,[134.25  23.25  32.5 ],5.0,157.0,26.0,136.0,0.7067853083674271,0.12226318839637361,0.17095150323619931,0.030902873003727394,0.1606114148972859,2,87
Emiliano MartÃÂÃÂ­nez Romero,Emiliano MartÃÂÃÂ­nez Romero,2,GK,[22.25 14.25  2.5 ],0.0,41.0,0.0,41.0,0.5690564735695148,0.36643581716140733,0.06450770926907791,1.5247890911213712e-05,3.1547854859397884e-05,2,87
Alexandre Moreno Lopera,Alexandre Moreno Lopera,2,DEF,[14.25  5.25  1.5 ],0.0,24.0,3.0,21.0,0.6790389672081849,0.24877338179116917,0.07218765100064314,2.6048485425560485e-05,0.12647582191106138,2,87
Pau Torres,Pau Torres,2,DEF,[0.25 0.25 0.5 ],0.0,5.0,0.0,5.0,0.2484246626141739,0.24672545096737408,0.5048498864184495,0.0001317006859110405,0.00020660992203539745,2,87
Angelo Ogbonna,Angelo Ogbonna,19,DEF,[154.25   8.25 104.5 ],8.0,159.0,1.0,166.0,0.5771723569723198,0.030800514797737297,0.3920271282299425,0.04772864124680723,0.00596060778123969,6,87
Kurt Zouma,Kurt Zouma,19,DEF,[143.25  33.25  89.5 ],11.0,170.0,4.0,177.0,0.5380052935523915,0.1250380632376463,0.3369566432099642,0.060679553865091225,0.021963298274202306,6,87
Ben Johnson,Ben Johnson,19,DEF,[ 26.25  29.25 132.5 ],2.0,58.0,0.0,60.0,0.13982480258722788,0.15531694073892377,0.7048582566738489,0.03361188015590182,1.6118371521975016e-05,6,87
Calum Chambers,Calum Chambers,2,DEF,[ 94.25  25.25 148.5 ],6.0,118.0,5.0,119.0,0.3512808419879029,0.09417197019260867,0.5545471878194885,0.04795208848348074,0.04039886380054775,2,87
Lukasz Fabianski,Lukasz Fabianski,19,GK,[230.25  16.25  20.5 ],0.0,251.0,0.0,251.0,0.8626657991975064,0.06076999433330569,0.07656420646918853,3.469788573008944e-06,3.245863727515731e-06,6,88
Mark Flekken,Mark Flekken,4,GK,[0.25 0.25 0.5 ],0.0,5.0,0.0,5.0,0.24784946093499907,0.24829901840802987,0.5038515206569698,0.00017136391950715193,0.0003719415162741789,1,9
Mikkel Damsgaard,Mikkel Damsgaard,4,MID,[ 8.25 18.25 11.5 ],0.0,31.0,0.0,31.0,0.21543101789064995,0.4797883746274663,0.3047806074818857,2.7500173457154674e-05,1.5690707283121902e-05,1,9
Lesley Ugochukwu,Lesley Ugochukwu,7,MID,[0.25 0.25 0.5 ],0.0,5.0,0.0,5.0,0.2526470042888327,0.24792113721765777,0.4994318584935103,0.00014402363580167578,0.00013999094804258323,1,9
Nathan Collins,Nathan Collins,4,DEF,[27.25 18.25 31.5 ],2.0,48.0,0.0,50.0,0.35324120944081366,0.237551315084787,0.4092074754744004,0.04021436175161187,9.774269910535582e-06,1,8
Shandon Baptiste,Shandon Baptiste,4,MID,[ 9.25 36.25 31.5 ],1.0,49.0,2.0,48.0,0.12031205291922534,0.4701901776531896,0.4094977694275855,0.020078739112792128,0.04003503941510645,1,8
Halil DerviÃÂÃÂoÃÂÃÂlu,Halil DerviÃÂÃÂoÃÂÃÂlu,4,FWD,[ 0.25  1.25 75.5 ],0.0,6.0,1.0,5.0,0.0031147556910024873,0.01611145453682347,0.980773789772174,0.0001287472242082828,0.1660035212401448,4,8
Charlie Goode,Charlie Goode,4,DEF,[ 5.25  1.25 70.5 ],0.0,11.0,0.0,11.0,0.06712274921705717,0.016127796273266794,0.9167494545096757,0.00015021978117387542,7.812542824161777e-05,1,8
Hakim Ziyech,Hakim Ziyech,7,MID,[32.25 32.25 50.5 ],6.0,63.0,9.0,60.0,0.2806842108741949,0.27982903555425753,0.4394867535715476,0.08742761636511723,0.13084671205971657,4,8
Callum Hudson-Odoi,Callum Hudson-Odoi,7,MID,[ 30.25  42.25 138.5 ],4.0,73.0,13.0,64.0,0.14298621586739785,0.20013371407060973,0.6568800700619923,0.05179252780203044,0.16941770320820582,6,8
Marc Cucurella Saseta,Marc Cucurella Saseta,7,DEF,[10.25 14.25 14.5 ],0.0,29.0,2.0,27.0,0.26297505854411285,0.3660639528197236,0.37096098863616395,2.804745597415152e-05,0.06867675438779786,1,8
Ellery Balcombe,Ellery Balcombe,4,GK,[ 0.25  0.25 76.5 ],0.0,5.0,0.0,5.0,0.0031970783003430507,0.0032813204262552545,0.9935216012734012,0.00015757912171505771,0.00020710697602266482,1,7
ÃÂÃÂngelo Gabriel Borges Damaceno,ÃÂÃÂngelo Gabriel Borges Damaceno,7,MID,[0.25 0.25 0.5 ],0.0,5.0,0.0,5.0,0.24968774825265308,0.25081802871333503,0.4994942230340118,0.00028369642701023875,0.00044080905568249005,1,7
Trevoh Chalobah,Trevoh Chalobah,7,DEF,[26.25 19.25 41.5 ],3.0,47.0,1.0,49.0,0.3023614803727799,0.22112257865881457,0.4765159409684051,0.05859379153026116,0.019797419966826702,1,7
Thomas Strakosha,Thomas Strakosha,4,GK,[ 0.25  0.25 38.5 ],0.0,5.0,0.0,5.0,0.006356750696408241,0.0063233487629289365,0.987319900540663,0.0003356594342914143,0.000284255916574391,1,3
Nicolas Jackson,Nicolas Jackson,7,FWD,[0.25 0.25 0.5 ],0.0,5.0,0.0,5.0,0.25086223818020026,0.2558452601903209,0.49329250162947885,0.0003753247703856033,0.00015052482878981667,1,3
Kepa Arrizabalaga,Kepa Arrizabalaga,7,GK,[102.25   7.25  81.5 ],0.0,114.0,0.0,114.0,0.534641860754503,0.03801196688222022,0.4273461723632752,7.318424105814088e-06,7.248705529831699e-06,1,3
Andrey Nascimento dos Santos,Andrey Nascimento dos Santos,7,MID,[ 0.25  0.25 19.5 ],0.0,5.0,0.0,5.0,0.012617606242740975,0.013143101716038186,0.9742392920412207,0.00019047662662668904,0.00016802100036224417,1,3
Ben Mee,Ben Mee,4,DEF,[206.25  15.25  45.5 ],10.0,216.0,8.0,218.0,0.7724920376460463,0.0572464830503201,0.17026147930363342,0.04441963022303242,0.03558390612929167,1,3
Ryan Trevitt,Ryan Trevitt,4,MID,[ 0.25  0.25 31.5 ],0.0,5.0,0.0,5.0,0.00772801572840586,0.008429116310978438,0.9838428679606157,0.00010968569292603342,0.00018976524293165106,1,3
Mason Burstow,Mason Burstow,7,FWD,[0.25 0.25 0.5 ],0.0,5.0,0.0,5.0,0.2543247199788615,0.253728500676682,0.4919467793444559,0.00030359708143093086,0.00010662839049742241,1,3
Malang Sarr,Malang Sarr,7,DEF,[ 6.25  2.25 68.5 ],0.0,13.0,0.0,13.0,0.08039330381394269,0.029504444726036434,0.8901022514600209,5.304108832549037e-05,7.949636245057635e-05,1,2
Ethan Pinnock,Ethan Pinnock,4,DEF,[53.25  9.25 14.5 ],4.0,63.0,1.0,66.0,0.6914749170341694,0.11942869441703627,0.18909638854879685,0.05996531779518333,0.014683990593073253,7,2
Yoane Wissa,Yoane Wissa,4,FWD,[22.25 46.25  8.5 ],14.0,59.0,6.0,67.0,0.2889916593492444,0.6006625258377163,0.11034581481303733,0.19181675643695684,0.0820243048448153,2,81
Ivan Toney,Ivan Toney,4,FWD,[52.25 14.25 10.5 ],32.0,39.0,9.0,62.0,0.6775825665218734,0.18521133571841147,0.1372060977597136,0.45017087380265586,0.12738814805734824,2,81
David Datro Fofana,David Datro Fofana,7,FWD,[ 1.25  2.25 19.5 ],0.0,8.0,0.0,8.0,0.05435702930337458,0.09701935287532726,0.8486236178212974,0.0001238938387671372,0.00013520616469012828,2,81
Vitaly Janelt,Vitaly Janelt,4,MID,[40.25 26.25 10.5 ],7.0,64.0,1.0,70.0,0.5236547484199426,0.33984216796451044,0.1365030836155475,0.09893059396287064,0.013932074609287977,2,82
Kevin Schade,Kevin Schade,4,MID,[ 7.25 11.25  2.5 ],0.0,23.0,1.0,22.0,0.34386789929644185,0.5372156084547843,0.11891649224877412,3.3412952405666585e-05,0.04401889867562154,2,82
Josh Dasilva,Josh Dasilva,4,MID,[ 7.25 29.25  2.5 ],4.0,37.0,2.0,39.0,0.18581851542257832,0.7495930354065177,0.06458844917090374,0.09721336027705622,0.049834025597161914,2,82
Bryan Mbeumo,Bryan Mbeumo,4,MID,[55.25 18.25  3.5 ],13.0,65.0,16.0,62.0,0.7170347859638018,0.23745885283001258,0.04550636120618796,0.1665868630396271,0.2051125022420666,2,82
Conor Gallagher,Conor Gallagher,7,MID,[73.25 26.25 13.5 ],13.0,91.0,9.0,95.0,0.6491437064489234,0.23180258623670139,0.119053707314374,0.12468237907821718,0.08706070458398091,2,82
Raheem Sterling,Raheem Sterling,7,MID,[181.25  41.25  45.5 ],91.0,136.0,72.0,155.0,0.6765070332575865,0.1534184644621661,0.17007450228024398,0.40059511367535483,0.31694373868667247,2,82
Christian Pulisic,Christian Pulisic,7,MID,[55.25 43.25 54.5 ],20.0,83.0,14.0,89.0,0.36077827647990246,0.28291184691755794,0.3563098766025405,0.1947417039078117,0.13539770179274763,2,82
Frank Onyeka,Frank Onyeka,4,MID,[17.25 24.25 35.5 ],0.0,46.0,5.0,41.0,0.2248353113049689,0.31499981466112786,0.46016487403390294,2.5443166043320413e-05,0.1088042360469474,2,83
Ian Maatsen,Ian Maatsen,7,MID,[0.25 0.25 0.5 ],0.0,5.0,0.0,5.0,0.24012811580187107,0.2561616854396369,0.5037101987584907,0.0002344135363924019,0.00010646211879472418,2,83
Noni Madueke,Noni Madueke,7,MID,[7.25 5.25 6.5 ],1.0,16.0,0.0,17.0,0.38266719906175156,0.2766252570078208,0.34070754393042774,0.057953257267803655,5.421716313012681e-05,2,83
Mathias Jorgensen,Mathias Jorgensen,4,DEF,[74.25 14.25 58.5 ],4.0,89.0,5.0,88.0,0.5049493638951983,0.09699302991678949,0.39805760618801156,0.043033081742104594,0.053852467614188194,2,87
Levi Colwill,Levi Colwill,7,DEF,[13.25  4.25 21.5 ],0.0,22.0,2.0,20.0,0.34041705487978635,0.10911916614812017,0.5504637789720905,5.557783013426624e-05,0.09040085120930032,2,87
Ben Chilwell,Ben Chilwell,7,DEF,[11.25 12.25 15.5 ],2.0,26.0,3.0,25.0,0.2889530692648415,0.31501338283066305,0.3960335479044942,0.07276719873557337,0.10675344514751985,2,87
CÃÂÃÂ©sar Azpilicueta,CÃÂÃÂ©sar Azpilicueta,7,DEF,[93.25 21.25 38.5 ],4.0,115.0,11.0,108.0,0.6100417285884313,0.138762109611993,0.25119616179957827,0.03331178250259594,0.0920968494400198,2,87
Mads Roerslev Rasmussen,Mads Roerslev Rasmussen,4,DEF,[20.25 21.25 35.5 ],1.0,45.0,1.0,45.0,0.26248087655993957,0.2765527458892919,0.4609663775507679,0.021982396998803604,0.021637469637795045,2,87
Rico Henry,Rico Henry,4,DEF,[54.25 17.25  5.5 ],3.0,73.0,3.0,73.0,0.7045290278215791,0.22403648695209408,0.07143448522632723,0.03943678351517869,0.039521709614235456,2,87
Malo Gusto,Malo Gusto,7,DEF,[0.25 0.25 0.5 ],0.0,5.0,0.0,5.0,0.24929077974728228,0.25100218915744643,0.49970703109527076,8.355633134805529e-05,0.00025012465847746055,2,87
Robert SÃÂÃÂ¡nchez,Robert SÃÂÃÂ¡nchez,7,GK,[74.25 13.25 21.5 ],0.0,92.0,0.0,92.0,0.6816117100358687,0.12152881548131939,0.196859474482811,8.186751939886295e-06,5.478283193972344e-06,2,88
David Raya Martin,David Raya Martin,4,GK,[48.25 14.25 14.5 ],0.0,67.0,0.0,67.0,0.6265010151947129,0.1846659973857046,0.18883298741958085,1.5543250097273498e-05,1.4691954724994881e-05,2,88
Luca Koleosho,Luca Koleosho,6,MID,[0.25 0.25 0.5 ],0.0,5.0,0.0,5.0,0.2518319725882505,0.24855340127678238,0.49961462613496743,0.0003797851587118696,0.00016668885488488417,1,9
Scott Twine,Scott Twine,6,MID,[0.25 0.25 0.5 ],0.0,5.0,0.0,5.0,0.24476993637165328,0.25199352422834126,0.5032365394000047,0.0001754334168620088,0.0002611105195644103,1,9
Bernardo Veiga de Carvalho e Silva,Bernardo Veiga de Carvalho e Silva,13,MID,[13.25 21.25  4.5 ],4.0,35.0,6.0,33.0,0.34100860953718826,0.5436625410331064,0.11532884942970487,0.10156130570255036,0.15518096508523802,1,9
Michael Obafemi,Michael Obafemi,6,FWD,[  7.25  25.25 125.5 ],4.0,33.0,3.0,34.0,0.045715076644469124,0.1601050941242081,0.7941798292313236,0.10709535576753729,0.08121995442631583,15,8
Manuel Akanji,Manuel Akanji,13,DEF,[17.25 12.25  4.5 ],0.0,34.0,1.0,33.0,0.5081805136502736,0.3600366813847491,0.13178280496497824,4.217499981800837e-05,0.02979066981333973,1,8
Phil Foden,Phil Foden,13,MID,[ 64.25  65.25 100.5 ],35.0,99.0,24.0,110.0,0.27806173546387086,0.284063919668483,0.4378743448676457,0.2610475689095705,0.1794363416427416,1,7
Dara Costelloe,Dara Costelloe,6,MID,[0.25 0.25 8.5 ],0.0,5.0,0.0,5.0,0.02661578122339505,0.02786332650496745,0.9455208922716364,0.00010674404160481304,0.00022516180226429667,1,7
Victor da Silva,Victor da Silva,6,DEF,[0.25 0.25 0.5 ],0.0,5.0,0.0,5.0,0.24194854446364317,0.2503117886552126,0.5077396668811428,0.00025588348580354034,0.00031205256074980336,1,7
Charlie Taylor,Charlie Taylor,6,DEF,[123.25  10.25  57.5 ],0.0,138.0,7.0,131.0,0.6452166160365574,0.0537737487241125,0.301009635239329,3.596727833254087e-06,0.0507914378972865,1,7
Sergio GÃÂÃÂ³mez,Sergio GÃÂÃÂ³mez,13,DEF,[ 2.25 10.25 24.5 ],0.0,17.0,1.0,16.0,0.06148152571995846,0.27739178931298103,0.661126684967063,4.611728411800892e-05,0.059349482651166525,1,7
John Stones,John Stones,13,DEF,[115.25  29.25 123.5 ],7.0,142.0,2.0,147.0,0.4299696664249641,0.10865744548899028,0.46137288808604643,0.04692086592412717,0.013386630982421124,1,7
MÃÂÃÂ¡ximo Perrone,MÃÂÃÂ¡ximo Perrone,13,MID,[ 0.25  1.25 17.5 ],0.0,6.0,0.0,6.0,0.012784349910611779,0.06561442021405484,0.9216012298753326,0.0001417295386650154,0.00013853967157191312,1,7
Anass Zaroury,Anass Zaroury,6,MID,[0.25 0.25 0.5 ],0.0,5.0,0.0,5.0,0.25248405404707247,0.2490704268679623,0.4984455190849653,0.0001350008629725968,0.00012167793536019375,1,3
Oscar Bobb,Oscar Bobb,13,MID,[0.25 0.25 0.5 ],0.0,5.0,0.0,5.0,0.24577883337618886,0.24920376999324334,0.5050173966305684,6.667002670702704e-05,0.00011797107166816722,1,3
Rico Lewis,Rico Lewis,13,DEF,[10.25  4.25 24.5 ],0.0,19.0,0.0,19.0,0.2623619289241846,0.10832909059349484,0.629308980482322,3.1897139984640846e-05,3.651157085763111e-05,1,3
Riyad Mahrez,Riyad Mahrez,13,MID,[156.25  61.25  50.5 ],61.0,161.0,62.0,160.0,0.5834715846395234,0.22857563105142104,0.18795278430905707,0.27458336855619075,0.2800500176812619,1,3
Jay Rodriguez,Jay Rodriguez,6,FWD,[85.25 72.25 33.5 ],23.0,139.0,11.0,151.0,0.446920321376327,0.37781994292115006,0.17525973570252426,0.14210143226464128,0.06808065283012152,1,3
Denis Franchi,Denis Franchi,6,GK,[0.25 0.25 0.5 ],0.0,5.0,0.0,5.0,0.25377433616924683,0.2513082716969558,0.49491739213379926,7.861396486844576e-05,0.00012032791400265008,1,3
JÃÂÃÂ³hann Berg Gudmundsson,JÃÂÃÂ³hann Berg Gudmundsson,6,MID,[0.25 0.25 0.5 ],0.0,5.0,0.0,5.0,0.2501105912009486,0.24792176371593497,0.501967645083113,0.00023265455537842055,0.00013977635629412835,1,3
Tommy Doyle,Tommy Doyle,13,MID,[ 0.25  1.25 82.5 ],0.0,6.0,0.0,6.0,0.0028482510457727562,0.015341470102379033,0.9818102788518479,0.00013664478499442447,0.0003234302668894645,1,3
JuliÃÂÃÂ¡n ÃÂÃÂlvarez,JuliÃÂÃÂ¡n ÃÂÃÂlvarez,13,FWD,[10.25 21.25  7.5 ],9.0,27.0,3.0,33.0,0.26289295991523925,0.5433224128125839,0.19378462727217471,0.2509027785060864,0.08372923512370284,1,2
Samuel Bastien,Samuel Bastien,6,MID,[0.25 0.25 0.5 ],0.0,5.0,0.0,5.0,0.25112126572803056,0.25155285077658585,0.49732588349538426,0.00013880174747999587,0.00023004375478417037,1,2
Zeki Amdouni,Zeki Amdouni,6,FWD,[0.25 0.25 0.5 ],0.0,5.0,0.0,5.0,0.24433889250016447,0.2519711718755933,0.5036899356242415,0.00013529085176037484,0.00024973595192539653,2,81
Wout Weghorst,Wout Weghorst,6,FWD,[27.25 10.25  5.5 ],2.0,40.0,4.0,38.0,0.6336770025073076,0.2389664537177116,0.1273565437749822,0.04774946351109223,0.09478344206565105,2,81
Erling Haaland,Erling Haaland,13,FWD,[22.25 13.25  3.5 ],36.0,4.0,9.0,31.0,0.5707961245919332,0.33938782697149783,0.08981604843656896,0.900917565242581,0.22385996720039034,2,81
Manuel Benson Hedilazio,Manuel Benson Hedilazio,6,MID,[0.25 0.25 0.5 ],0.0,5.0,0.0,5.0,0.24835959647491399,0.24343955525000424,0.5082008482750819,0.00020727277447061816,0.0002132274033076577,2,82
Mateo KovaÃÂÃÂiÃÂÃÂ,Mateo KovaÃÂÃÂiÃÂÃÂ,13,MID,[0.25 0.25 0.5 ],0.0,5.0,0.0,5.0,0.24593255389382193,0.24573968615858371,0.5083277599475935,0.00016087753344230153,0.0001615120798491236,3,82
Kalvin Phillips,Kalvin Phillips,13,MID,[45.25 16.25 53.5 ],1.0,65.0,3.0,63.0,0.39451225945127383,0.14155625572043276,0.4639314848282933,0.01519360941252411,0.045348486391379686,3,83
Josh Brownhill,Josh Brownhill,6,MID,[72.25  6.25 12.5 ],2.0,81.0,4.0,79.0,0.7938120305035342,0.06841350706446388,0.13777446243200328,0.024092602489217983,0.04819277256192193,2,83
Sander Berge,Sander Berge,6,MID,[23.25  6.25 23.5 ],2.0,32.0,2.0,32.0,0.4398852243806082,0.11741274908769195,0.4427020265317007,0.05827019394761338,0.05830080462542087,2,83
Jacob Bruun Larsen,Jacob Bruun Larsen,6,MID,[0.25 0.25 0.5 ],0.0,5.0,0.0,5.0,0.2522122847551938,0.2544333719564803,0.49335434328832506,0.00018285612873577523,0.00016404785903151734,2,83
Rodrigo Hernandez,Rodrigo Hernandez,13,MID,[112.25  26.25  15.5 ],14.0,129.0,12.0,131.0,0.7287182985465862,0.17084260814971183,0.10043909330370371,0.09775170948244104,0.08427626064551384,3,83
Kevin De Bruyne,Kevin De Bruyne,13,MID,[173.25  41.25  53.5 ],57.0,162.0,103.0,116.0,0.6461177069271227,0.1542057542422408,0.19967653883063605,0.26056330474355127,0.47028829062380273,3,83
Shea Charles,Shea Charles,13,MID,[0.25 1.25 2.5 ],0.0,6.0,0.0,6.0,0.06392160832763057,0.31565667367581257,0.6204217179965545,0.00019009872980477652,9.053083984063238e-05,3,83
Ameen Al-Dakhil,Ameen Al-Dakhil,6,DEF,[0.25 0.25 0.5 ],0.0,5.0,0.0,5.0,0.2570384550475727,0.24573464979836107,0.49722689515406493,0.0001418453305066028,0.00014819352378081646,2,87
JoÃÂÃÂ¡ko Gvardiol,JoÃÂÃÂ¡ko Gvardiol,13,DEF,[0.25 0.25 0.5 ],0.0,5.0,0.0,5.0,0.24639358130766836,0.24721782785053634,0.5063885908417957,0.0002057963961231798,0.00014296436984480407,6,87
Nathan AkÃÂÃÂ©,Nathan AkÃÂÃÂ©,13,DEF,[60.25 19.25 73.5 ],6.0,78.0,2.0,82.0,0.39299456502241176,0.12601157689263245,0.4809938580849551,0.07129708333408603,0.02391815702452307,6,87
Aymeric Laporte,Aymeric Laporte,13,DEF,[111.25   9.25  85.5 ],8.0,117.0,5.0,120.0,0.5401242001921152,0.04502075803342065,0.41485504177446136,0.06370572621594969,0.03973734450606452,6,87
Connor Roberts,Connor Roberts,6,DEF,[21.25  4.25 36.5 ],1.0,29.0,1.0,29.0,0.3420977862480111,0.06870514455233019,0.5891970691996565,0.03280504221170231,0.03353156437875694,2,87
Luke McNally,Luke McNally,6,DEF,[0.25 0.25 0.5 ],0.0,5.0,0.0,5.0,0.2556628880371464,0.24067327295075056,0.5036638390121028,0.0002990085820536008,0.000424115626538868,2,87
CJ Egan-Riley,CJ Egan-Riley,6,DEF,[0.25 0.25 0.5 ],0.0,5.0,0.0,5.0,0.25108370133935143,0.24483808917437855,0.504078209486271,0.0002643126313530995,0.00018197760952854122,2,87
RÃÂÃÂºben Gato Alves Dias,RÃÂÃÂºben Gato Alves Dias,13,DEF,[13.25 13.25 12.5 ],0.0,31.0,0.0,31.0,0.33873059463673527,0.3407266092088557,0.32054279615440856,1.3643781528128545e-05,2.889045990560669e-05,6,87
Ederson Santana de Moraes,Ederson Santana de Moraes,13,GK,[202.25  15.25  12.5 ],0.0,222.0,3.0,219.0,0.8793128518348446,0.06636338498494879,0.054323763180207506,6.287876115272462e-06,0.013544832945643123,6,88
Lawrence Vigouroux,Lawrence Vigouroux,6,GK,[0.25 0.25 0.5 ],0.0,5.0,0.0,5.0,0.255668745232573,0.25134362857208475,0.49298762619534453,0.00031331755451510893,0.00025437171352183665,2,88
James McConnell,James McConnell,11,MID,[0.25 0.25 0.5 ],0.0,5.0,0.0,5.0,0.25109327763068806,0.25491456195977397,0.49399216040953786,0.00018238782588554425,0.00024631360866851605,1,9
Manor Solomon,Manor Solomon,18,MID,[ 4.25 15.25 19.5 ],4.0,20.0,0.0,24.0,0.10878268765342454,0.39135722528592626,0.49986008706065005,0.16691361475670072,4.6234847200608364e-05,1,9
Destiny Udogie,Destiny Udogie,18,DEF,[0.25 0.25 0.5 ],0.0,5.0,0.0,5.0,0.25381245193862934,0.2500740383212287,0.4961135097401427,0.00011431772265429323,0.00013327367594121036,1,8
Son Heung-min,Son Heung-min,18,MID,[21.25 15.25  2.5 ],10.0,31.0,6.0,35.0,0.5429667352209077,0.39295262604343023,0.06408063873566149,0.2438097731060804,0.14638792264771777,14,8
Joe Gomez,Joe Gomez,11,DEF,[0.25 0.25 0.5 ],0.0,5.0,0.0,5.0,0.25123355183289764,0.2454681225593548,0.5032983256077483,0.00023540208890361378,0.0001412064016358667,1,8
Joe Rodon,Joe Rodon,18,DEF,[  9.25   6.25 123.5 ],0.0,20.0,0.0,20.0,0.06649751643386674,0.0454852719494908,0.8880172116166414,1.0155424439276489e-05,5.097380753417601e-05,1,8
Ibrahima KonatÃÂÃÂ©,Ibrahima KonatÃÂÃÂ©,11,DEF,[27.25  2.25 47.5 ],0.0,34.0,0.0,34.0,0.3542386776232513,0.02899002610238915,0.6167712962743588,6.158167555138686e-05,3.0010770783362435e-05,1,8
Bobby Clark,Bobby Clark,11,MID,[ 0.25  1.25 36.5 ],0.0,6.0,0.0,6.0,0.006465237787314101,0.03279595516467675,0.9607388070480074,0.0001526064473800467,0.00010123646267928699,1,7
Nathaniel Phillips,Nathaniel Phillips,11,DEF,[ 16.25   3.25 109.5 ],1.0,23.0,1.0,23.0,0.12602835471447635,0.025472773756178582,0.8484988715293427,0.04065856077772254,0.0425056399227922,1,7
Dominik Szoboszlai,Dominik Szoboszlai,11,MID,[0.25 0.25 0.5 ],0.0,5.0,0.0,5.0,0.2506785552504814,0.24568819840354914,0.5036332463459687,0.0003440410216367126,0.0002536916655804165,1,7
Tanguy NdombÃÂÃÂ©lÃÂÃÂ© Alvaro,Tanguy NdombÃÂÃÂ©lÃÂÃÂ© Alvaro,18,MID,[0.25 0.25 0.5 ],0.0,5.0,0.0,5.0,0.24717516692273558,0.2481851046018177,0.5046397284754486,0.00023871168655619477,0.00029395732448144683,1,7
Bryan Gil Salvatierra,Bryan Gil Salvatierra,18,MID,[ 2.25 11.25 63.5 ],0.0,18.0,1.0,17.0,0.0290100575809345,0.146675944099679,0.8243139983193863,4.703570518301569e-05,0.05499420415590357,4,7
Curtis Jones,Curtis Jones,11,MID,[36.25 27.25 94.5 ],6.0,62.0,4.0,64.0,0.22935758038278564,0.17223044065388363,0.5984119789633279,0.0870116279882952,0.058008709551478924,1,3
Harvey Elliott,Harvey Elliott,11,MID,[ 13.25  29.25 108.5 ],1.0,46.0,2.0,45.0,0.08811988961195022,0.19326282792554583,0.7186172824625019,0.020979937203602937,0.042374088772868385,1,3
Alexis Mac Allister,Alexis Mac Allister,11,MID,[55.25 43.25 28.5 ],16.0,87.0,5.0,98.0,0.4353168333892487,0.3406650518973155,0.2240181147134365,0.1548651482612849,0.0490101593935257,65,3
Micky van de Ven,Micky van de Ven,18,DEF,[0.25 0.25 0.5 ],0.0,5.0,0.0,5.0,0.2526305502922056,0.2535745591227156,0.49379489058507964,7.34072532353122e-05,0.00031951743410236783,1,3
Richarlison de Andrade,Richarlison de Andrade,18,MID,[166.25  34.25  28.5 ],49.0,156.0,33.0,172.0,0.7265381002432671,0.14915710140289878,0.12430479835383434,0.23866876583928187,0.1606144691417215,1,3
Emerson Leite de Souza Junior,Emerson Leite de Souza Junior,18,DEF,[10.25 16.25 12.5 ],2.0,29.0,2.0,29.0,0.26056697859474787,0.4185238859580866,0.32090913544716543,0.06401380095130518,0.06451434260755798,1,3
Alejo VÃÂÃÂ©liz,Alejo VÃÂÃÂ©liz,18,FWD,[0.25 0.25 0.5 ],0.0,5.0,0.0,5.0,0.2581579244283773,0.24301748568666867,0.49882458988495526,9.16545342729738e-05,0.00025315933181932086,1,3
Thiago AlcÃÂÃÂ¡ntara do Nascimento,Thiago AlcÃÂÃÂ¡ntara do Nascimento,11,MID,[44.25 23.25 46.5 ],2.0,70.0,4.0,68.0,0.3884761334635347,0.2043665876903138,0.4071572788461504,0.027490123017003553,0.05480028192472579,1,3
Pape Matar Sarr,Pape Matar Sarr,18,MID,[ 2.25  9.25 27.5 ],0.0,16.0,1.0,15.0,0.057743576153814764,0.2381755915025078,0.7040808323436784,0.00011486892440561438,0.06360091778103935,1,2
Cody Gakpo,Cody Gakpo,11,FWD,[17.25  4.25  1.5 ],7.0,19.0,3.0,23.0,0.7497080981978957,0.18470784056248704,0.06558406123961796,0.2698625175365848,0.11589558428669713,1,2
Darwin NÃÂÃÂºÃÂÃÂ±ez Ribeiro,Darwin NÃÂÃÂºÃÂÃÂ±ez Ribeiro,11,FWD,[13.25 16.25  9.5 ],9.0,25.0,5.0,29.0,0.33816781539443086,0.41838034464192936,0.2434518399636389,0.26441924266613837,0.14722584438660127,2,81
Harry Kane,Harry Kane,18,FWD,[213.25  21.25  32.5 ],163.0,76.0,51.0,188.0,0.7987117278941962,0.07968432210116218,0.12160395000464262,0.6822029607212585,0.21254777225529362,2,81
Giovani Lo Celso,Giovani Lo Celso,18,MID,[27.25 28.25 59.5 ],1.0,59.0,4.0,56.0,0.237836604152692,0.2450673404992348,0.5170960553480725,0.016736528451199988,0.06582048245463537,2,82
Pierre-Emile HÃÂÃÂ¸jbjerg,Pierre-Emile HÃÂÃÂ¸jbjerg,18,MID,[126.25  16.25  10.5 ],8.0,139.0,15.0,132.0,0.8254411754145585,0.1060494875037328,0.0685093370817095,0.05455026122839645,0.10218480798283643,2,82
Mohamed Salah,Mohamed Salah,11,MID,[191.25  27.25  10.5 ],137.0,86.0,67.0,156.0,0.8354344572366046,0.11881809632727577,0.045747446436118284,0.614392562243601,0.30037686788807566,2,82
Dejan Kulusevski,Dejan Kulusevski,18,MID,[32.25 16.25  8.5 ],7.0,46.0,16.0,37.0,0.5670383112114046,0.2846791344039585,0.14828255438463744,0.1315501869872541,0.30190734596740276,2,82
Fabio Henrique Tavares,Fabio Henrique Tavares,11,MID,[117.25  34.25  39.5 ],8.0,148.0,10.0,146.0,0.6143302340475164,0.17917943727018623,0.20649032868229733,0.05130685962515414,0.06386634925405742,2,82
Luis DÃÂÃÂ­az,Luis DÃÂÃÂ­az,11,MID,[15.25 15.25 24.5 ],8.0,27.0,5.0,30.0,0.2774682310152724,0.2777282564821327,0.44480351250259365,0.22874494910129237,0.14398777337654664,2,83
Jordan Henderson,Jordan Henderson,11,MID,[158.25  46.25  62.5 ],10.0,199.0,23.0,186.0,0.5923855661950429,0.17325458201727387,0.23435985178768207,0.04769887154946802,0.1101206526276942,2,83
Stefan Bajcetic,Stefan Bajcetic,11,MID,[ 6.25  5.25 27.5 ],1.0,15.0,0.0,16.0,0.15941257558402205,0.134252250290907,0.706335174125071,0.06206086050689517,7.935595137775701e-05,2,83
Yves Bissouma,Yves Bissouma,18,MID,[93.25 42.25 55.5 ],3.0,137.0,2.0,138.0,0.4884115768012817,0.2207729357817798,0.29081548741693874,0.021139679497546242,0.01436274700431446,2,83
James Maddison,James Maddison,18,MID,[129.25  34.25  27.5 ],43.0,125.0,39.0,129.0,0.6765636824567814,0.17989535272106805,0.14354096482215353,0.2564099070306583,0.23213445070809302,2,83
Trent Alexander-Arnold,Trent Alexander-Arnold,11,DEF,[172.25  26.25  68.5 ],12.0,191.0,61.0,142.0,0.6451232425416434,0.09817145470163567,0.2567053027567224,0.05898494911608525,0.3012536713869648,2,87
Joel Matip,Joel Matip,11,DEF,[121.25  19.25 126.5 ],9.0,136.0,5.0,140.0,0.4534652313642824,0.07258475571566436,0.473950012920054,0.062463967124722,0.03461014685871273,2,87
Andrew Robertson,Andrew Robertson,11,DEF,[209.25  19.25  38.5 ],8.0,225.0,58.0,175.0,0.783329619877618,0.07237823649230701,0.14429214363007403,0.03466437414340747,0.24929119942218364,2,87
Ivan PeriÃÂÃÂ¡iÃÂÃÂ,Ivan PeriÃÂÃÂ¡iÃÂÃÂ,18,DEF,[15.25 19.25  4.5 ],1.0,38.0,8.0,31.0,0.39121969783490473,0.4925003994734094,0.11627990269168573,0.026227247137557943,0.20557383737470614,2,87
Japhet Tanganga,Japhet Tanganga,18,DEF,[ 22.25   5.25 107.5 ],0.0,32.0,0.0,32.0,0.16417325442985933,0.03877880828454888,0.7970479372855938,7.6006326938658265e-06,7.050629922295675e-05,2,87
Pedro Porro,Pedro Porro,18,DEF,[13.25  2.25  2.5 ],3.0,17.0,3.0,17.0,0.7355276230201897,0.1254975042144456,0.13897487276536316,0.15026738045336524,0.1513786876057752,2,87
Ryan Sessegnon,Ryan Sessegnon,18,DEF,[ 39.25  34.25 117.5 ],4.0,74.0,11.0,67.0,0.2056271658828564,0.17934097446044728,0.6150318596566935,0.05110379312783571,0.1409581565325096,2,87
Virgil van Dijk,Virgil van Dijk,11,DEF,[179.25  15.25  72.5 ],17.0,182.0,10.0,189.0,0.6710808637405393,0.05704860238366348,0.2718705338757988,0.0854018424454405,0.0502852765824649,2,87
Guglielmo Vicario,Guglielmo Vicario,18,GK,[0.25 0.25 0.5 ],0.0,5.0,0.0,5.0,0.2477700560343991,0.25398225890044496,0.4982476850651552,0.00036257789690692345,0.0002271321298162225,2,88
Alisson Ramses Becker,Alisson Ramses Becker,11,GK,[159.25  14.25  17.5 ],1.0,177.0,3.0,175.0,0.833911746972192,0.07453646031013894,0.09155179271766871,0.005492612882255759,0.016694961590704112,2,88
